metric,fiscal_year,value,unit,sec_tag,filing_date,filing_fiscal_year,form_type,period_start,period_end,accession,source_url,api_url,value_type,status,missing_reason,formula,input_keys,record_id,is_support_year
allowance_for_credit_losses,2020,20680000000.0,USD,us-gaap:FinancingReceivableAllowanceForCreditLossExcludingAccruedInterest|us-gaap:OffBalanceSheetCreditLossLiability,2024-02-20,,10-K,,2020-12-31,0000070858-24-000122,https://www.sec.gov/Archives/edgar/data/70858/000007085824000122/0000070858-24-000122-index.html,,calculated,available,,loan_loss_allowance + unfunded_credit_loss_allowance,"[""loan_loss_allowance:2020"", ""unfunded_credit_loss_allowance:2020""]",allowance_for_credit_losses:2020,True
allowance_for_credit_losses_yoy,2020,,pure,us-gaap:FinancingReceivableAllowanceForCreditLossExcludingAccruedInterest|us-gaap:OffBalanceSheetCreditLossLiability,2024-02-20,,10-K,,2020-12-31,0000070858-24-000122,https://www.sec.gov/Archives/edgar/data/70858/000007085824000122/0000070858-24-000122-index.html,,calculated,missing,Missing inputs: allowance_for_credit_losses:2019,(allowance_for_credit_losses[t] - allowance_for_credit_losses[t-1]) / allowance_for_credit_losses[t-1],"[""allowance_for_credit_losses:2020"", ""allowance_for_credit_losses:2019""]",allowance_for_credit_losses_yoy:2020,True
allowance_to_loans_ratio,2020,,pure,us-gaap:FinancingReceivableAllowanceForCreditLossExcludingAccruedInterest,2024-02-20,,10-K,,2020-12-31,0000070858-24-000122,https://www.sec.gov/Archives/edgar/data/70858/000007085824000122/0000070858-24-000122-index.html,,calculated,missing,Missing inputs: total_loans:2020,loan_loss_allowance / total_loans,"[""loan_loss_allowance:2020"", ""total_loans:2020""]",allowance_to_loans_ratio:2020,True
cash_and_cash_equivalents,2020,380463000000.0,USD,us-gaap:CashCashEquivalentsRestrictedCashAndRestrictedCashEquivalents,2024-02-20,2023.0,10-K,,2020-12-31,0000070858-24-000122,https://www.sec.gov/Archives/edgar/data/70858/000007085824000122/0000070858-24-000122-index.html,https://data.sec.gov/api/xbrl/companyfacts/CIK0000070858.json,reported,available,,,,cash_and_cash_equivalents:2020,True
cash_to_assets_ratio,2020,0.13493380507421726,pure,us-gaap:Assets|us-gaap:CashCashEquivalentsRestrictedCashAndRestrictedCashEquivalents,2022-02-22|2024-02-20,,10-K,,2020-12-31,0000070858-22-000062|0000070858-24-000122,https://www.sec.gov/Archives/edgar/data/70858/000007085822000062/0000070858-22-000062-index.html|https://www.sec.gov/Archives/edgar/data/70858/000007085824000122/0000070858-24-000122-index.html,,calculated,available,,cash_and_cash_equivalents / total_assets,"[""cash_and_cash_equivalents:2020"", ""total_assets:2020""]",cash_to_assets_ratio:2020,True
cet1_ratio,2020,,pure,,,,,,2020-12-31,,,https://data.sec.gov/api/xbrl/companyfacts/CIK0000070858.json,reported,missing,"Manual annual-report extraction required: Capital Management: consolidated corporation CET1 ratio, standardized approach; capture actual ratio, not minimum requirement.",,,cet1_ratio:2020,True
common_equity,2020,248414000000.0,USD,us-gaap:PreferredStockIncludingAdditionalPaidInCapital|us-gaap:StockholdersEquity,2021-02-24|2024-02-20,,10-K,,2020-12-31,0000070858-21-000023|0000070858-24-000122,https://www.sec.gov/Archives/edgar/data/70858/000007085821000023/0000070858-21-000023-index.html|https://www.sec.gov/Archives/edgar/data/70858/000007085824000122/0000070858-24-000122-index.html,,calculated,available,,total_equity - preferred_equity,"[""total_equity:2020"", ""preferred_equity:2020""]",common_equity:2020,True
common_equity_yoy,2020,,pure,us-gaap:PreferredStockIncludingAdditionalPaidInCapital|us-gaap:StockholdersEquity,2021-02-24|2024-02-20,,10-K,,2020-12-31,0000070858-21-000023|0000070858-24-000122,https://www.sec.gov/Archives/edgar/data/70858/000007085821000023/0000070858-21-000023-index.html|https://www.sec.gov/Archives/edgar/data/70858/000007085824000122/0000070858-24-000122-index.html,,calculated,missing,Missing inputs: common_equity:2019,(common_equity[t] - common_equity[t-1]) / common_equity[t-1],"[""common_equity:2020"", ""common_equity:2019""]",common_equity_yoy:2020,True
efficiency_ratio_calculated,2020,0.6455546721541483,pure,us-gaap:NoninterestExpense|us-gaap:Revenues,2023-02-22,,10-K,,2020-12-31,0000070858-23-000092,https://www.sec.gov/Archives/edgar/data/70858/000007085823000092/0000070858-23-000092-index.html,,calculated,available,,noninterest_expense / total_revenue,"[""noninterest_expense:2020"", ""total_revenue:2020""]",efficiency_ratio_calculated:2020,True
efficiency_ratio_reported,2020,,pure,,,,,,2020-12-31,,,https://data.sec.gov/api/xbrl/companyfacts/CIK0000070858.json,reported,missing,Manual annual-report extraction required: Financial Highlights: reported efficiency ratio; record GAAP/FTE basis and adjustments.,,,efficiency_ratio_reported:2020,True
equity_to_assets_ratio,2020,0.09679436322605792,pure,us-gaap:Assets|us-gaap:StockholdersEquity,2022-02-22|2024-02-20,,10-K,,2020-12-31,0000070858-22-000062|0000070858-24-000122,https://www.sec.gov/Archives/edgar/data/70858/000007085822000062/0000070858-22-000062-index.html|https://www.sec.gov/Archives/edgar/data/70858/000007085824000122/0000070858-24-000122-index.html,,calculated,available,,total_equity / total_assets,"[""total_equity:2020"", ""total_assets:2020""]",equity_to_assets_ratio:2020,True
loan_credit_loss_provision,2020,10565000000.0,USD,us-gaap:FinancingReceivableExcludingAccruedInterestCreditLossExpenseReversal,2023-02-22,2022.0,10-K,2020-01-01,2020-12-31,0000070858-23-000092,https://www.sec.gov/Archives/edgar/data/70858/000007085823000092/0000070858-23-000092-index.html,https://data.sec.gov/api/xbrl/companyfacts/CIK0000070858.json,reported,available,,,,loan_credit_loss_provision:2020,True
loan_loss_allowance,2020,18802000000.0,USD,us-gaap:FinancingReceivableAllowanceForCreditLossExcludingAccruedInterest,2024-02-20,2023.0,10-K,,2020-12-31,0000070858-24-000122,https://www.sec.gov/Archives/edgar/data/70858/000007085824000122/0000070858-24-000122-index.html,https://data.sec.gov/api/xbrl/companyfacts/CIK0000070858.json,reported,available,,,,loan_loss_allowance:2020,True
loan_to_deposit_ratio,2020,,pure,us-gaap:Deposits,2022-02-22,,10-K,,2020-12-31,0000070858-22-000062,https://www.sec.gov/Archives/edgar/data/70858/000007085822000062/0000070858-22-000062-index.html,,calculated,missing,Missing inputs: total_loans:2020,total_loans / total_deposits,"[""total_loans:2020"", ""total_deposits:2020""]",loan_to_deposit_ratio:2020,True
net_charge_off_ratio,2020,,pure,us-gaap:FinancingReceivableExcludingAccruedInterestAllowanceForCreditLossWriteoffAfterRecovery,2023-02-22,,10-K,,2020-12-31,0000070858-23-000092,https://www.sec.gov/Archives/edgar/data/70858/000007085823000092/0000070858-23-000092-index.html,,calculated,missing,"Missing inputs: total_loans:2020, total_loans:2019","net_charge_offs / mean(total_loans[t-1], total_loans[t])","[""net_charge_offs:2020"", ""total_loans:2020"", ""total_loans:2019""]",net_charge_off_ratio:2020,True
net_charge_offs,2020,4121000000.0,USD,us-gaap:FinancingReceivableExcludingAccruedInterestAllowanceForCreditLossWriteoffAfterRecovery,2023-02-22,2022.0,10-K,2020-01-01,2020-12-31,0000070858-23-000092,https://www.sec.gov/Archives/edgar/data/70858/000007085823000092/0000070858-23-000092-index.html,https://data.sec.gov/api/xbrl/companyfacts/CIK0000070858.json,reported,available,,,,net_charge_offs:2020,True
net_charge_offs_yoy,2020,,pure,us-gaap:FinancingReceivableExcludingAccruedInterestAllowanceForCreditLossWriteoffAfterRecovery,2023-02-22,,10-K,,2020-12-31,0000070858-23-000092,https://www.sec.gov/Archives/edgar/data/70858/000007085823000092/0000070858-23-000092-index.html,,calculated,missing,Missing inputs: net_charge_offs:2019,(net_charge_offs[t] - net_charge_offs[t-1]) / net_charge_offs[t-1],"[""net_charge_offs:2020"", ""net_charge_offs:2019""]",net_charge_offs_yoy:2020,True
net_income,2020,17894000000.0,USD,us-gaap:NetIncomeLoss,2023-02-22,2022.0,10-K,2020-01-01,2020-12-31,0000070858-23-000092,https://www.sec.gov/Archives/edgar/data/70858/000007085823000092/0000070858-23-000092-index.html,https://data.sec.gov/api/xbrl/companyfacts/CIK0000070858.json,reported,available,,,,net_income:2020,True
net_income_yoy,2020,,pure,us-gaap:NetIncomeLoss,2023-02-22,,10-K,,2020-12-31,0000070858-23-000092,https://www.sec.gov/Archives/edgar/data/70858/000007085823000092/0000070858-23-000092-index.html,,calculated,missing,Missing inputs: net_income:2019,(net_income[t] - net_income[t-1]) / net_income[t-1],"[""net_income:2020"", ""net_income:2019""]",net_income_yoy:2020,True
net_interest_income,2020,43360000000.0,USD,us-gaap:InterestIncomeExpenseNet,2023-02-22,2022.0,10-K,2020-01-01,2020-12-31,0000070858-23-000092,https://www.sec.gov/Archives/edgar/data/70858/000007085823000092/0000070858-23-000092-index.html,https://data.sec.gov/api/xbrl/companyfacts/CIK0000070858.json,reported,available,,,,net_interest_income:2020,True
net_interest_income_yoy,2020,,pure,us-gaap:InterestIncomeExpenseNet,2023-02-22,,10-K,,2020-12-31,0000070858-23-000092,https://www.sec.gov/Archives/edgar/data/70858/000007085823000092/0000070858-23-000092-index.html,,calculated,missing,Missing inputs: net_interest_income:2019,(net_interest_income[t] - net_interest_income[t-1]) / net_interest_income[t-1],"[""net_interest_income:2020"", ""net_interest_income:2019""]",net_interest_income_yoy:2020,True
net_interest_margin_reported,2020,,pure,,,,,,2020-12-31,,,https://data.sec.gov/api/xbrl/companyfacts/CIK0000070858.json,reported,missing,Manual annual-report extraction required: Average Balances and Interest Rates table: net interest yield/margin; document FTE basis.,,,net_interest_margin_reported:2020,True
noninterest_expense,2020,55213000000.0,USD,us-gaap:NoninterestExpense,2023-02-22,2022.0,10-K,2020-01-01,2020-12-31,0000070858-23-000092,https://www.sec.gov/Archives/edgar/data/70858/000007085823000092/0000070858-23-000092-index.html,https://data.sec.gov/api/xbrl/companyfacts/CIK0000070858.json,reported,available,,,,noninterest_expense:2020,True
preferred_equity,2020,24510000000.0,USD,us-gaap:PreferredStockIncludingAdditionalPaidInCapital,2021-02-24,2020.0,10-K,,2020-12-31,0000070858-21-000023,https://www.sec.gov/Archives/edgar/data/70858/000007085821000023/0000070858-21-000023-index.html,https://data.sec.gov/api/xbrl/companyfacts/CIK0000070858.json,reported,available,,,,preferred_equity:2020,True
provision_for_credit_losses,2020,11320000000.0,USD,us-gaap:FinancingReceivableExcludingAccruedInterestCreditLossExpenseReversal|us-gaap:OffBalanceSheetCreditLossLiabilityCreditLossExpenseReversal,2023-02-22,,10-K,,2020-12-31,0000070858-23-000092,https://www.sec.gov/Archives/edgar/data/70858/000007085823000092/0000070858-23-000092-index.html,,calculated,available,,loan_credit_loss_provision + unfunded_credit_loss_provision,"[""loan_credit_loss_provision:2020"", ""unfunded_credit_loss_provision:2020""]",provision_for_credit_losses:2020,True
provision_for_credit_losses_yoy,2020,,pure,us-gaap:FinancingReceivableExcludingAccruedInterestCreditLossExpenseReversal|us-gaap:OffBalanceSheetCreditLossLiabilityCreditLossExpenseReversal,2023-02-22,,10-K,,2020-12-31,0000070858-23-000092,https://www.sec.gov/Archives/edgar/data/70858/000007085823000092/0000070858-23-000092-index.html,,calculated,missing,Missing inputs: provision_for_credit_losses:2019,(provision_for_credit_losses[t] - provision_for_credit_losses[t-1]) / provision_for_credit_losses[t-1],"[""provision_for_credit_losses:2020"", ""provision_for_credit_losses:2019""]",provision_for_credit_losses_yoy:2020,True
risk_weighted_assets,2020,,USD,,,,,,2020-12-31,,,https://data.sec.gov/api/xbrl/companyfacts/CIK0000070858.json,reported,missing,"Manual annual-report extraction required: Capital Management / regulatory capital table: consolidated corporation, standardized approach, year-end. Do not substitute bank subsidiary or advanced approach.",,,risk_weighted_assets:2020,True
roa_calculated,2020,,pure,us-gaap:Assets|us-gaap:NetIncomeLoss,2022-02-22|2023-02-22,,10-K,,2020-12-31,0000070858-22-000062|0000070858-23-000092,https://www.sec.gov/Archives/edgar/data/70858/000007085822000062/0000070858-22-000062-index.html|https://www.sec.gov/Archives/edgar/data/70858/000007085823000092/0000070858-23-000092-index.html,,calculated,missing,Missing inputs: total_assets:2019,"net_income / mean(total_assets[t-1], total_assets[t])","[""net_income:2020"", ""total_assets:2020"", ""total_assets:2019""]",roa_calculated:2020,True
roa_reported,2020,,pure,,,,,,2020-12-31,,,https://data.sec.gov/api/xbrl/companyfacts/CIK0000070858.json,reported,missing,"Manual annual-report extraction required: Financial Highlights: return on average assets, actual reported average denominator.",,,roa_reported:2020,True
roe_calculated,2020,,pure,us-gaap:NetIncomeLoss|us-gaap:StockholdersEquity,2023-02-22|2024-02-20,,10-K,,2020-12-31,0000070858-23-000092|0000070858-24-000122,https://www.sec.gov/Archives/edgar/data/70858/000007085823000092/0000070858-23-000092-index.html|https://www.sec.gov/Archives/edgar/data/70858/000007085824000122/0000070858-24-000122-index.html,,calculated,missing,Missing inputs: total_equity:2019,"net_income / mean(total_equity[t-1], total_equity[t])","[""net_income:2020"", ""total_equity:2020"", ""total_equity:2019""]",roe_calculated:2020,True
roe_reported,2020,,pure,,,,,,2020-12-31,,,https://data.sec.gov/api/xbrl/companyfacts/CIK0000070858.json,reported,missing,Manual annual-report extraction required: Financial Highlights: return on average common equity; keep separate from calculated total-equity ROE.,,,roe_reported:2020,True
tier1_capital_ratio,2020,,pure,,,,,,2020-12-31,,,https://data.sec.gov/api/xbrl/companyfacts/CIK0000070858.json,reported,missing,"Manual annual-report extraction required: Regulatory capital table: consolidated corporation Tier 1 ratio, standardized approach.",,,tier1_capital_ratio:2020,True
tier1_leverage_ratio,2020,,pure,,,,,,2020-12-31,,,https://data.sec.gov/api/xbrl/companyfacts/CIK0000070858.json,reported,missing,Manual annual-report extraction required: Regulatory capital table: Tier 1 leverage ratio; not supplementary leverage ratio.,,,tier1_leverage_ratio:2020,True
total_assets,2020,2819627000000.0,USD,us-gaap:Assets,2022-02-22,2021.0,10-K,,2020-12-31,0000070858-22-000062,https://www.sec.gov/Archives/edgar/data/70858/000007085822000062/0000070858-22-000062-index.html,https://data.sec.gov/api/xbrl/companyfacts/CIK0000070858.json,reported,available,,,,total_assets:2020,True
total_assets_yoy,2020,,pure,us-gaap:Assets,2022-02-22,,10-K,,2020-12-31,0000070858-22-000062,https://www.sec.gov/Archives/edgar/data/70858/000007085822000062/0000070858-22-000062-index.html,,calculated,missing,Missing inputs: total_assets:2019,(total_assets[t] - total_assets[t-1]) / total_assets[t-1],"[""total_assets:2020"", ""total_assets:2019""]",total_assets_yoy:2020,True
total_capital_ratio,2020,,pure,,,,,,2020-12-31,,,https://data.sec.gov/api/xbrl/companyfacts/CIK0000070858.json,reported,missing,"Manual annual-report extraction required: Regulatory capital table: consolidated corporation total capital ratio, standardized approach.",,,total_capital_ratio:2020,True
total_deposits,2020,1795480000000.0,USD,us-gaap:Deposits,2022-02-22,2021.0,10-K,,2020-12-31,0000070858-22-000062,https://www.sec.gov/Archives/edgar/data/70858/000007085822000062/0000070858-22-000062-index.html,https://data.sec.gov/api/xbrl/companyfacts/CIK0000070858.json,reported,available,,,,total_deposits:2020,True
total_deposits_yoy,2020,,pure,us-gaap:Deposits,2022-02-22,,10-K,,2020-12-31,0000070858-22-000062,https://www.sec.gov/Archives/edgar/data/70858/000007085822000062/0000070858-22-000062-index.html,,calculated,missing,Missing inputs: total_deposits:2019,(total_deposits[t] - total_deposits[t-1]) / total_deposits[t-1],"[""total_deposits:2020"", ""total_deposits:2019""]",total_deposits_yoy:2020,True
total_equity,2020,272924000000.0,USD,us-gaap:StockholdersEquity,2024-02-20,2023.0,10-K,,2020-12-31,0000070858-24-000122,https://www.sec.gov/Archives/edgar/data/70858/000007085824000122/0000070858-24-000122-index.html,https://data.sec.gov/api/xbrl/companyfacts/CIK0000070858.json,reported,available,,,,total_equity:2020,True
total_loans,2020,,USD,,,,,,2020-12-31,,,https://data.sec.gov/api/xbrl/companyfacts/CIK0000070858.json,reported,missing,No eligible annual fact in the reviewed tags and unit.,,,total_loans:2020,True
total_loans_yoy,2020,,pure,,,,,,2020-12-31,,,,calculated,missing,"Missing inputs: total_loans:2020, total_loans:2019",(total_loans[t] - total_loans[t-1]) / total_loans[t-1],"[""total_loans:2020"", ""total_loans:2019""]",total_loans_yoy:2020,True
total_revenue,2020,85528000000.0,USD,us-gaap:Revenues,2023-02-22,2022.0,10-K,2020-01-01,2020-12-31,0000070858-23-000092,https://www.sec.gov/Archives/edgar/data/70858/000007085823000092/0000070858-23-000092-index.html,https://data.sec.gov/api/xbrl/companyfacts/CIK0000070858.json,reported,available,,,,total_revenue:2020,True
total_revenue_yoy,2020,,pure,us-gaap:Revenues,2023-02-22,,10-K,,2020-12-31,0000070858-23-000092,https://www.sec.gov/Archives/edgar/data/70858/000007085823000092/0000070858-23-000092-index.html,,calculated,missing,Missing inputs: total_revenue:2019,(total_revenue[t] - total_revenue[t-1]) / total_revenue[t-1],"[""total_revenue:2020"", ""total_revenue:2019""]",total_revenue_yoy:2020,True
trading_asset_exposure,2020,0.07052493113450822,pure,us-gaap:Assets|us-gaap:TradingSecurities,2022-02-22,,10-K,,2020-12-31,0000070858-22-000062,https://www.sec.gov/Archives/edgar/data/70858/000007085822000062/0000070858-22-000062-index.html,,calculated,available,,trading_assets / total_assets,"[""trading_assets:2020"", ""total_assets:2020""]",trading_asset_exposure:2020,True
trading_assets,2020,198854000000.0,USD,us-gaap:TradingSecurities,2022-02-22,2021.0,10-K,,2020-12-31,0000070858-22-000062,https://www.sec.gov/Archives/edgar/data/70858/000007085822000062/0000070858-22-000062-index.html,https://data.sec.gov/api/xbrl/companyfacts/CIK0000070858.json,reported,available,,,,trading_assets:2020,True
trading_assets_yoy,2020,,pure,us-gaap:TradingSecurities,2022-02-22,,10-K,,2020-12-31,0000070858-22-000062,https://www.sec.gov/Archives/edgar/data/70858/000007085822000062/0000070858-22-000062-index.html,,calculated,missing,Missing inputs: trading_assets:2019,(trading_assets[t] - trading_assets[t-1]) / trading_assets[t-1],"[""trading_assets:2020"", ""trading_assets:2019""]",trading_assets_yoy:2020,True
trading_liabilities,2020,71320000000.0,USD,us-gaap:TradingLiabilities,2022-02-22,2021.0,10-K,,2020-12-31,0000070858-22-000062,https://www.sec.gov/Archives/edgar/data/70858/000007085822000062/0000070858-22-000062-index.html,https://data.sec.gov/api/xbrl/companyfacts/CIK0000070858.json,reported,available,,,,trading_liabilities:2020,True
trading_liabilities_yoy,2020,,pure,us-gaap:TradingLiabilities,2022-02-22,,10-K,,2020-12-31,0000070858-22-000062,https://www.sec.gov/Archives/edgar/data/70858/000007085822000062/0000070858-22-000062-index.html,,calculated,missing,Missing inputs: trading_liabilities:2019,(trading_liabilities[t] - trading_liabilities[t-1]) / trading_liabilities[t-1],"[""trading_liabilities:2020"", ""trading_liabilities:2019""]",trading_liabilities_yoy:2020,True
unfunded_credit_loss_allowance,2020,1878000000.0,USD,us-gaap:OffBalanceSheetCreditLossLiability,2024-02-20,2023.0,10-K,,2020-12-31,0000070858-24-000122,https://www.sec.gov/Archives/edgar/data/70858/000007085824000122/0000070858-24-000122-index.html,https://data.sec.gov/api/xbrl/companyfacts/CIK0000070858.json,reported,available,,,,unfunded_credit_loss_allowance:2020,True
unfunded_credit_loss_provision,2020,755000000.0,USD,us-gaap:OffBalanceSheetCreditLossLiabilityCreditLossExpenseReversal,2023-02-22,2022.0,10-K,2020-01-01,2020-12-31,0000070858-23-000092,https://www.sec.gov/Archives/edgar/data/70858/000007085823000092/0000070858-23-000092-index.html,https://data.sec.gov/api/xbrl/companyfacts/CIK0000070858.json,reported,available,,,,unfunded_credit_loss_provision:2020,True
allowance_for_credit_losses,2021,13843000000.0,USD,us-gaap:FinancingReceivableAllowanceForCreditLossExcludingAccruedInterest|us-gaap:OffBalanceSheetCreditLossLiability,2025-02-25,,10-K,,2021-12-31,0000070858-25-000139,https://www.sec.gov/Archives/edgar/data/70858/000007085825000139/0000070858-25-000139-index.html,,calculated,available,,loan_loss_allowance + unfunded_credit_loss_allowance,"[""loan_loss_allowance:2021"", ""unfunded_credit_loss_allowance:2021""]",allowance_for_credit_losses:2021,False
allowance_for_credit_losses_yoy,2021,-0.3306092843326886,pure,us-gaap:FinancingReceivableAllowanceForCreditLossExcludingAccruedInterest|us-gaap:OffBalanceSheetCreditLossLiability,2024-02-20|2025-02-25,,10-K,,2021-12-31,0000070858-24-000122|0000070858-25-000139,https://www.sec.gov/Archives/edgar/data/70858/000007085824000122/0000070858-24-000122-index.html|https://www.sec.gov/Archives/edgar/data/70858/000007085825000139/0000070858-25-000139-index.html,,calculated,available,,(allowance_for_credit_losses[t] - allowance_for_credit_losses[t-1]) / allowance_for_credit_losses[t-1],"[""allowance_for_credit_losses:2021"", ""allowance_for_credit_losses:2020""]",allowance_for_credit_losses_yoy:2021,False
allowance_to_loans_ratio,2021,0.012651104456636749,pure,us-gaap:FinancingReceivableAllowanceForCreditLossExcludingAccruedInterest|us-gaap:FinancingReceivableExcludingAccruedInterestBeforeAllowanceForCreditLoss,2023-02-22|2025-02-25,,10-K,,2021-12-31,0000070858-23-000092|0000070858-25-000139,https://www.sec.gov/Archives/edgar/data/70858/000007085823000092/0000070858-23-000092-index.html|https://www.sec.gov/Archives/edgar/data/70858/000007085825000139/0000070858-25-000139-index.html,,calculated,available,,loan_loss_allowance / total_loans,"[""loan_loss_allowance:2021"", ""total_loans:2021""]",allowance_to_loans_ratio:2021,False
cash_and_cash_equivalents,2021,348221000000.0,USD,us-gaap:CashCashEquivalentsRestrictedCashAndRestrictedCashEquivalents,2025-02-25,2024.0,10-K,,2021-12-31,0000070858-25-000139,https://www.sec.gov/Archives/edgar/data/70858/000007085825000139/0000070858-25-000139-index.html,https://data.sec.gov/api/xbrl/companyfacts/CIK0000070858.json,reported,available,,,,cash_and_cash_equivalents:2021,False
cash_to_assets_ratio,2021,0.10986639827480403,pure,us-gaap:Assets|us-gaap:CashCashEquivalentsRestrictedCashAndRestrictedCashEquivalents,2023-02-22|2025-02-25,,10-K,,2021-12-31,0000070858-23-000092|0000070858-25-000139,https://www.sec.gov/Archives/edgar/data/70858/000007085823000092/0000070858-23-000092-index.html|https://www.sec.gov/Archives/edgar/data/70858/000007085825000139/0000070858-25-000139-index.html,,calculated,available,,cash_and_cash_equivalents / total_assets,"[""cash_and_cash_equivalents:2021"", ""total_assets:2021""]",cash_to_assets_ratio:2021,False
cet1_ratio,2021,,pure,,,,,,2021-12-31,,,https://data.sec.gov/api/xbrl/companyfacts/CIK0000070858.json,reported,missing,"Manual annual-report extraction required: Capital Management: consolidated corporation CET1 ratio, standardized approach; capture actual ratio, not minimum requirement.",,,cet1_ratio:2021,False
common_equity,2021,245358000000.0,USD,us-gaap:PreferredStockIncludingAdditionalPaidInCapital|us-gaap:StockholdersEquity,2022-02-22|2025-02-25,,10-K,,2021-12-31,0000070858-22-000062|0000070858-25-000139,https://www.sec.gov/Archives/edgar/data/70858/000007085822000062/0000070858-22-000062-index.html|https://www.sec.gov/Archives/edgar/data/70858/000007085825000139/0000070858-25-000139-index.html,,calculated,available,,total_equity - preferred_equity,"[""total_equity:2021"", ""preferred_equity:2021""]",common_equity:2021,False
common_equity_yoy,2021,-0.01230204416820308,pure,us-gaap:PreferredStockIncludingAdditionalPaidInCapital|us-gaap:StockholdersEquity,2021-02-24|2024-02-20|2022-02-22|2025-02-25,,10-K,,2021-12-31,0000070858-21-000023|0000070858-24-000122|0000070858-22-000062|0000070858-25-000139,https://www.sec.gov/Archives/edgar/data/70858/000007085821000023/0000070858-21-000023-index.html|https://www.sec.gov/Archives/edgar/data/70858/000007085824000122/0000070858-24-000122-index.html|https://www.sec.gov/Archives/edgar/data/70858/000007085822000062/0000070858-22-000062-index.html|https://www.sec.gov/Archives/edgar/data/70858/000007085825000139/0000070858-25-000139-index.html,,calculated,available,,(common_equity[t] - common_equity[t-1]) / common_equity[t-1],"[""common_equity:2021"", ""common_equity:2020""]",common_equity_yoy:2021,False
efficiency_ratio_calculated,2021,0.670283796976872,pure,us-gaap:NoninterestExpense|us-gaap:Revenues,2024-02-20,,10-K,,2021-12-31,0000070858-24-000122,https://www.sec.gov/Archives/edgar/data/70858/000007085824000122/0000070858-24-000122-index.html,,calculated,available,,noninterest_expense / total_revenue,"[""noninterest_expense:2021"", ""total_revenue:2021""]",efficiency_ratio_calculated:2021,False
efficiency_ratio_reported,2021,,pure,,,,,,2021-12-31,,,https://data.sec.gov/api/xbrl/companyfacts/CIK0000070858.json,reported,missing,Manual annual-report extraction required: Financial Highlights: reported efficiency ratio; record GAAP/FTE basis and adjustments.,,,efficiency_ratio_reported:2021,False
equity_to_assets_ratio,2021,0.08520789589508738,pure,us-gaap:Assets|us-gaap:StockholdersEquity,2023-02-22|2025-02-25,,10-K,,2021-12-31,0000070858-23-000092|0000070858-25-000139,https://www.sec.gov/Archives/edgar/data/70858/000007085823000092/0000070858-23-000092-index.html|https://www.sec.gov/Archives/edgar/data/70858/000007085825000139/0000070858-25-000139-index.html,,calculated,available,,total_equity / total_assets,"[""total_equity:2021"", ""total_assets:2021""]",equity_to_assets_ratio:2021,False
loan_credit_loss_provision,2021,-4173000000.0,USD,us-gaap:FinancingReceivableExcludingAccruedInterestCreditLossExpenseReversal,2024-02-20,2023.0,10-K,2021-01-01,2021-12-31,0000070858-24-000122,https://www.sec.gov/Archives/edgar/data/70858/000007085824000122/0000070858-24-000122-index.html,https://data.sec.gov/api/xbrl/companyfacts/CIK0000070858.json,reported,available,,,,loan_credit_loss_provision:2021,False
loan_loss_allowance,2021,12387000000.0,USD,us-gaap:FinancingReceivableAllowanceForCreditLossExcludingAccruedInterest,2025-02-25,2024.0,10-K,,2021-12-31,0000070858-25-000139,https://www.sec.gov/Archives/edgar/data/70858/000007085825000139/0000070858-25-000139-index.html,https://data.sec.gov/api/xbrl/companyfacts/CIK0000070858.json,reported,available,,,,loan_loss_allowance:2021,False
loan_to_deposit_ratio,2021,0.4742792981749099,pure,us-gaap:Deposits|us-gaap:FinancingReceivableExcludingAccruedInterestBeforeAllowanceForCreditLoss,2023-02-22,,10-K,,2021-12-31,0000070858-23-000092,https://www.sec.gov/Archives/edgar/data/70858/000007085823000092/0000070858-23-000092-index.html,,calculated,available,,total_loans / total_deposits,"[""total_loans:2021"", ""total_deposits:2021""]",loan_to_deposit_ratio:2021,False
net_charge_off_ratio,2021,,pure,us-gaap:FinancingReceivableExcludingAccruedInterestAllowanceForCreditLossWriteoffAfterRecovery|us-gaap:FinancingReceivableExcludingAccruedInterestBeforeAllowanceForCreditLoss,2023-02-22|2024-02-20,,10-K,,2021-12-31,0000070858-23-000092|0000070858-24-000122,https://www.sec.gov/Archives/edgar/data/70858/000007085823000092/0000070858-23-000092-index.html|https://www.sec.gov/Archives/edgar/data/70858/000007085824000122/0000070858-24-000122-index.html,,calculated,missing,Missing inputs: total_loans:2020,"net_charge_offs / mean(total_loans[t-1], total_loans[t])","[""net_charge_offs:2021"", ""total_loans:2021"", ""total_loans:2020""]",net_charge_off_ratio:2021,False
net_charge_offs,2021,2243000000.0,USD,us-gaap:FinancingReceivableExcludingAccruedInterestAllowanceForCreditLossWriteoffAfterRecovery,2024-02-20,2023.0,10-K,2021-01-01,2021-12-31,0000070858-24-000122,https://www.sec.gov/Archives/edgar/data/70858/000007085824000122/0000070858-24-000122-index.html,https://data.sec.gov/api/xbrl/companyfacts/CIK0000070858.json,reported,available,,,,net_charge_offs:2021,False
net_charge_offs_yoy,2021,-0.4557146323707838,pure,us-gaap:FinancingReceivableExcludingAccruedInterestAllowanceForCreditLossWriteoffAfterRecovery,2023-02-22|2024-02-20,,10-K,,2021-12-31,0000070858-23-000092|0000070858-24-000122,https://www.sec.gov/Archives/edgar/data/70858/000007085823000092/0000070858-23-000092-index.html|https://www.sec.gov/Archives/edgar/data/70858/000007085824000122/0000070858-24-000122-index.html,,calculated,available,,(net_charge_offs[t] - net_charge_offs[t-1]) / net_charge_offs[t-1],"[""net_charge_offs:2021"", ""net_charge_offs:2020""]",net_charge_offs_yoy:2021,False
net_income,2021,31978000000.0,USD,us-gaap:NetIncomeLoss,2024-02-20,2023.0,10-K,2021-01-01,2021-12-31,0000070858-24-000122,https://www.sec.gov/Archives/edgar/data/70858/000007085824000122/0000070858-24-000122-index.html,https://data.sec.gov/api/xbrl/companyfacts/CIK0000070858.json,reported,available,,,,net_income:2021,False
net_income_yoy,2021,0.7870794679780933,pure,us-gaap:NetIncomeLoss,2023-02-22|2024-02-20,,10-K,,2021-12-31,0000070858-23-000092|0000070858-24-000122,https://www.sec.gov/Archives/edgar/data/70858/000007085823000092/0000070858-23-000092-index.html|https://www.sec.gov/Archives/edgar/data/70858/000007085824000122/0000070858-24-000122-index.html,,calculated,available,,(net_income[t] - net_income[t-1]) / net_income[t-1],"[""net_income:2021"", ""net_income:2020""]",net_income_yoy:2021,False
net_interest_income,2021,42934000000.0,USD,us-gaap:InterestIncomeExpenseNet,2024-02-20,2023.0,10-K,2021-01-01,2021-12-31,0000070858-24-000122,https://www.sec.gov/Archives/edgar/data/70858/000007085824000122/0000070858-24-000122-index.html,https://data.sec.gov/api/xbrl/companyfacts/CIK0000070858.json,reported,available,,,,net_interest_income:2021,False
net_interest_income_yoy,2021,-0.009824723247232473,pure,us-gaap:InterestIncomeExpenseNet,2023-02-22|2024-02-20,,10-K,,2021-12-31,0000070858-23-000092|0000070858-24-000122,https://www.sec.gov/Archives/edgar/data/70858/000007085823000092/0000070858-23-000092-index.html|https://www.sec.gov/Archives/edgar/data/70858/000007085824000122/0000070858-24-000122-index.html,,calculated,available,,(net_interest_income[t] - net_interest_income[t-1]) / net_interest_income[t-1],"[""net_interest_income:2021"", ""net_interest_income:2020""]",net_interest_income_yoy:2021,False
net_interest_margin_reported,2021,,pure,,,,,,2021-12-31,,,https://data.sec.gov/api/xbrl/companyfacts/CIK0000070858.json,reported,missing,Manual annual-report extraction required: Average Balances and Interest Rates table: net interest yield/margin; document FTE basis.,,,net_interest_margin_reported:2021,False
noninterest_expense,2021,59731000000.0,USD,us-gaap:NoninterestExpense,2024-02-20,2023.0,10-K,2021-01-01,2021-12-31,0000070858-24-000122,https://www.sec.gov/Archives/edgar/data/70858/000007085824000122/0000070858-24-000122-index.html,https://data.sec.gov/api/xbrl/companyfacts/CIK0000070858.json,reported,available,,,,noninterest_expense:2021,False
preferred_equity,2021,24708000000.0,USD,us-gaap:PreferredStockIncludingAdditionalPaidInCapital,2022-02-22,2021.0,10-K,,2021-12-31,0000070858-22-000062,https://www.sec.gov/Archives/edgar/data/70858/000007085822000062/0000070858-22-000062-index.html,https://data.sec.gov/api/xbrl/companyfacts/CIK0000070858.json,reported,available,,,,preferred_equity:2021,False
provision_for_credit_losses,2021,-4594000000.0,USD,us-gaap:FinancingReceivableExcludingAccruedInterestCreditLossExpenseReversal|us-gaap:OffBalanceSheetCreditLossLiabilityCreditLossExpenseReversal,2024-02-20,,10-K,,2021-12-31,0000070858-24-000122,https://www.sec.gov/Archives/edgar/data/70858/000007085824000122/0000070858-24-000122-index.html,,calculated,available,,loan_credit_loss_provision + unfunded_credit_loss_provision,"[""loan_credit_loss_provision:2021"", ""unfunded_credit_loss_provision:2021""]",provision_for_credit_losses:2021,False
provision_for_credit_losses_yoy,2021,-1.4058303886925796,pure,us-gaap:FinancingReceivableExcludingAccruedInterestCreditLossExpenseReversal|us-gaap:OffBalanceSheetCreditLossLiabilityCreditLossExpenseReversal,2023-02-22|2024-02-20,,10-K,,2021-12-31,0000070858-23-000092|0000070858-24-000122,https://www.sec.gov/Archives/edgar/data/70858/000007085823000092/0000070858-23-000092-index.html|https://www.sec.gov/Archives/edgar/data/70858/000007085824000122/0000070858-24-000122-index.html,,calculated,available,,(provision_for_credit_losses[t] - provision_for_credit_losses[t-1]) / provision_for_credit_losses[t-1],"[""provision_for_credit_losses:2021"", ""provision_for_credit_losses:2020""]",provision_for_credit_losses_yoy:2021,False
risk_weighted_assets,2021,,USD,,,,,,2021-12-31,,,https://data.sec.gov/api/xbrl/companyfacts/CIK0000070858.json,reported,missing,"Manual annual-report extraction required: Capital Management / regulatory capital table: consolidated corporation, standardized approach, year-end. Do not substitute bank subsidiary or advanced approach.",,,risk_weighted_assets:2021,False
roa_calculated,2021,0.010678693805202165,pure,us-gaap:Assets|us-gaap:NetIncomeLoss,2022-02-22|2023-02-22|2024-02-20,,10-K,,2021-12-31,0000070858-22-000062|0000070858-23-000092|0000070858-24-000122,https://www.sec.gov/Archives/edgar/data/70858/000007085822000062/0000070858-22-000062-index.html|https://www.sec.gov/Archives/edgar/data/70858/000007085823000092/0000070858-23-000092-index.html|https://www.sec.gov/Archives/edgar/data/70858/000007085824000122/0000070858-24-000122-index.html,,calculated,available,,"net_income / mean(total_assets[t-1], total_assets[t])","[""net_income:2021"", ""total_assets:2021"", ""total_assets:2020""]",roa_calculated:2021,False
roa_reported,2021,,pure,,,,,,2021-12-31,,,https://data.sec.gov/api/xbrl/companyfacts/CIK0000070858.json,reported,missing,"Manual annual-report extraction required: Financial Highlights: return on average assets, actual reported average denominator.",,,roa_reported:2021,False
roe_calculated,2021,0.11778485791635206,pure,us-gaap:NetIncomeLoss|us-gaap:StockholdersEquity,2024-02-20|2025-02-25,,10-K,,2021-12-31,0000070858-24-000122|0000070858-25-000139,https://www.sec.gov/Archives/edgar/data/70858/000007085824000122/0000070858-24-000122-index.html|https://www.sec.gov/Archives/edgar/data/70858/000007085825000139/0000070858-25-000139-index.html,,calculated,available,,"net_income / mean(total_equity[t-1], total_equity[t])","[""net_income:2021"", ""total_equity:2021"", ""total_equity:2020""]",roe_calculated:2021,False
roe_reported,2021,,pure,,,,,,2021-12-31,,,https://data.sec.gov/api/xbrl/companyfacts/CIK0000070858.json,reported,missing,Manual annual-report extraction required: Financial Highlights: return on average common equity; keep separate from calculated total-equity ROE.,,,roe_reported:2021,False
tier1_capital_ratio,2021,,pure,,,,,,2021-12-31,,,https://data.sec.gov/api/xbrl/companyfacts/CIK0000070858.json,reported,missing,"Manual annual-report extraction required: Regulatory capital table: consolidated corporation Tier 1 ratio, standardized approach.",,,tier1_capital_ratio:2021,False
tier1_leverage_ratio,2021,,pure,,,,,,2021-12-31,,,https://data.sec.gov/api/xbrl/companyfacts/CIK0000070858.json,reported,missing,Manual annual-report extraction required: Regulatory capital table: Tier 1 leverage ratio; not supplementary leverage ratio.,,,tier1_leverage_ratio:2021,False
total_assets,2021,3169495000000.0,USD,us-gaap:Assets,2023-02-22,2022.0,10-K,,2021-12-31,0000070858-23-000092,https://www.sec.gov/Archives/edgar/data/70858/000007085823000092/0000070858-23-000092-index.html,https://data.sec.gov/api/xbrl/companyfacts/CIK0000070858.json,reported,available,,,,total_assets:2021,False
total_assets_yoy,2021,0.12408307907393425,pure,us-gaap:Assets,2022-02-22|2023-02-22,,10-K,,2021-12-31,0000070858-22-000062|0000070858-23-000092,https://www.sec.gov/Archives/edgar/data/70858/000007085822000062/0000070858-22-000062-index.html|https://www.sec.gov/Archives/edgar/data/70858/000007085823000092/0000070858-23-000092-index.html,,calculated,available,,(total_assets[t] - total_assets[t-1]) / total_assets[t-1],"[""total_assets:2021"", ""total_assets:2020""]",total_assets_yoy:2021,False
total_capital_ratio,2021,,pure,,,,,,2021-12-31,,,https://data.sec.gov/api/xbrl/companyfacts/CIK0000070858.json,reported,missing,"Manual annual-report extraction required: Regulatory capital table: consolidated corporation total capital ratio, standardized approach.",,,total_capital_ratio:2021,False
total_deposits,2021,2064446000000.0,USD,us-gaap:Deposits,2023-02-22,2022.0,10-K,,2021-12-31,0000070858-23-000092,https://www.sec.gov/Archives/edgar/data/70858/000007085823000092/0000070858-23-000092-index.html,https://data.sec.gov/api/xbrl/companyfacts/CIK0000070858.json,reported,available,,,,total_deposits:2021,False
total_deposits_yoy,2021,0.14980172432998418,pure,us-gaap:Deposits,2022-02-22|2023-02-22,,10-K,,2021-12-31,0000070858-22-000062|0000070858-23-000092,https://www.sec.gov/Archives/edgar/data/70858/000007085822000062/0000070858-22-000062-index.html|https://www.sec.gov/Archives/edgar/data/70858/000007085823000092/0000070858-23-000092-index.html,,calculated,available,,(total_deposits[t] - total_deposits[t-1]) / total_deposits[t-1],"[""total_deposits:2021"", ""total_deposits:2020""]",total_deposits_yoy:2021,False
total_equity,2021,270066000000.0,USD,us-gaap:StockholdersEquity,2025-02-25,2024.0,10-K,,2021-12-31,0000070858-25-000139,https://www.sec.gov/Archives/edgar/data/70858/000007085825000139/0000070858-25-000139-index.html,https://data.sec.gov/api/xbrl/companyfacts/CIK0000070858.json,reported,available,,,,total_equity:2021,False
total_loans,2021,979124000000.0,USD,us-gaap:FinancingReceivableExcludingAccruedInterestBeforeAllowanceForCreditLoss,2023-02-22,2022.0,10-K,,2021-12-31,0000070858-23-000092,https://www.sec.gov/Archives/edgar/data/70858/000007085823000092/0000070858-23-000092-index.html,https://data.sec.gov/api/xbrl/companyfacts/CIK0000070858.json,reported,available,,,,total_loans:2021,False
total_loans_yoy,2021,,pure,us-gaap:FinancingReceivableExcludingAccruedInterestBeforeAllowanceForCreditLoss,2023-02-22,,10-K,,2021-12-31,0000070858-23-000092,https://www.sec.gov/Archives/edgar/data/70858/000007085823000092/0000070858-23-000092-index.html,,calculated,missing,Missing inputs: total_loans:2020,(total_loans[t] - total_loans[t-1]) / total_loans[t-1],"[""total_loans:2021"", ""total_loans:2020""]",total_loans_yoy:2021,False
total_revenue,2021,89113000000.0,USD,us-gaap:Revenues,2024-02-20,2023.0,10-K,2021-01-01,2021-12-31,0000070858-24-000122,https://www.sec.gov/Archives/edgar/data/70858/000007085824000122/0000070858-24-000122-index.html,https://data.sec.gov/api/xbrl/companyfacts/CIK0000070858.json,reported,available,,,,total_revenue:2021,False
total_revenue_yoy,2021,0.041916097652230845,pure,us-gaap:Revenues,2023-02-22|2024-02-20,,10-K,,2021-12-31,0000070858-23-000092|0000070858-24-000122,https://www.sec.gov/Archives/edgar/data/70858/000007085823000092/0000070858-23-000092-index.html|https://www.sec.gov/Archives/edgar/data/70858/000007085824000122/0000070858-24-000122-index.html,,calculated,available,,(total_revenue[t] - total_revenue[t-1]) / total_revenue[t-1],"[""total_revenue:2021"", ""total_revenue:2020""]",total_revenue_yoy:2021,False
trading_asset_exposure,2021,0.07795563646574612,pure,us-gaap:Assets|us-gaap:TradingSecurities,2023-02-22,,10-K,,2021-12-31,0000070858-23-000092,https://www.sec.gov/Archives/edgar/data/70858/000007085823000092/0000070858-23-000092-index.html,,calculated,available,,trading_assets / total_assets,"[""trading_assets:2021"", ""total_assets:2021""]",trading_asset_exposure:2021,False
trading_assets,2021,247080000000.0,USD,us-gaap:TradingSecurities,2023-02-22,2022.0,10-K,,2021-12-31,0000070858-23-000092,https://www.sec.gov/Archives/edgar/data/70858/000007085823000092/0000070858-23-000092-index.html,https://data.sec.gov/api/xbrl/companyfacts/CIK0000070858.json,reported,available,,,,trading_assets:2021,False
trading_assets_yoy,2021,0.24251963752300684,pure,us-gaap:TradingSecurities,2022-02-22|2023-02-22,,10-K,,2021-12-31,0000070858-22-000062|0000070858-23-000092,https://www.sec.gov/Archives/edgar/data/70858/000007085822000062/0000070858-22-000062-index.html|https://www.sec.gov/Archives/edgar/data/70858/000007085823000092/0000070858-23-000092-index.html,,calculated,available,,(trading_assets[t] - trading_assets[t-1]) / trading_assets[t-1],"[""trading_assets:2021"", ""trading_assets:2020""]",trading_assets_yoy:2021,False
trading_liabilities,2021,100690000000.0,USD,us-gaap:TradingLiabilities,2023-02-22,2022.0,10-K,,2021-12-31,0000070858-23-000092,https://www.sec.gov/Archives/edgar/data/70858/000007085823000092/0000070858-23-000092-index.html,https://data.sec.gov/api/xbrl/companyfacts/CIK0000070858.json,reported,available,,,,trading_liabilities:2021,False
trading_liabilities_yoy,2021,0.4118059450364554,pure,us-gaap:TradingLiabilities,2022-02-22|2023-02-22,,10-K,,2021-12-31,0000070858-22-000062|0000070858-23-000092,https://www.sec.gov/Archives/edgar/data/70858/000007085822000062/0000070858-22-000062-index.html|https://www.sec.gov/Archives/edgar/data/70858/000007085823000092/0000070858-23-000092-index.html,,calculated,available,,(trading_liabilities[t] - trading_liabilities[t-1]) / trading_liabilities[t-1],"[""trading_liabilities:2021"", ""trading_liabilities:2020""]",trading_liabilities_yoy:2021,False
unfunded_credit_loss_allowance,2021,1456000000.0,USD,us-gaap:OffBalanceSheetCreditLossLiability,2025-02-25,2024.0,10-K,,2021-12-31,0000070858-25-000139,https://www.sec.gov/Archives/edgar/data/70858/000007085825000139/0000070858-25-000139-index.html,https://data.sec.gov/api/xbrl/companyfacts/CIK0000070858.json,reported,available,,,,unfunded_credit_loss_allowance:2021,False
unfunded_credit_loss_provision,2021,-421000000.0,USD,us-gaap:OffBalanceSheetCreditLossLiabilityCreditLossExpenseReversal,2024-02-20,2023.0,10-K,2021-01-01,2021-12-31,0000070858-24-000122,https://www.sec.gov/Archives/edgar/data/70858/000007085824000122/0000070858-24-000122-index.html,https://data.sec.gov/api/xbrl/companyfacts/CIK0000070858.json,reported,available,,,,unfunded_credit_loss_provision:2021,False
allowance_for_credit_losses,2022,14222000000.0,USD,us-gaap:FinancingReceivableAllowanceForCreditLossExcludingAccruedInterest|us-gaap:OffBalanceSheetCreditLossLiability,2026-02-25,,10-K,,2022-12-31,0000070858-26-000157,https://www.sec.gov/Archives/edgar/data/70858/000007085826000157/0000070858-26-000157-index.html,,calculated,available,,loan_loss_allowance + unfunded_credit_loss_allowance,"[""loan_loss_allowance:2022"", ""unfunded_credit_loss_allowance:2022""]",allowance_for_credit_losses:2022,False
allowance_for_credit_losses_yoy,2022,0.027378458426641623,pure,us-gaap:FinancingReceivableAllowanceForCreditLossExcludingAccruedInterest|us-gaap:OffBalanceSheetCreditLossLiability,2025-02-25|2026-02-25,,10-K,,2022-12-31,0000070858-25-000139|0000070858-26-000157,https://www.sec.gov/Archives/edgar/data/70858/000007085825000139/0000070858-25-000139-index.html|https://www.sec.gov/Archives/edgar/data/70858/000007085826000157/0000070858-26-000157-index.html,,calculated,available,,(allowance_for_credit_losses[t] - allowance_for_credit_losses[t-1]) / allowance_for_credit_losses[t-1],"[""allowance_for_credit_losses:2022"", ""allowance_for_credit_losses:2021""]",allowance_for_credit_losses_yoy:2022,False
allowance_to_loans_ratio,2022,0.012127216238726958,pure,us-gaap:FinancingReceivableAllowanceForCreditLossExcludingAccruedInterest|us-gaap:FinancingReceivableExcludingAccruedInterestBeforeAllowanceForCreditLoss,2024-02-20|2026-02-25,,10-K,,2022-12-31,0000070858-24-000122|0000070858-26-000157,https://www.sec.gov/Archives/edgar/data/70858/000007085824000122/0000070858-24-000122-index.html|https://www.sec.gov/Archives/edgar/data/70858/000007085826000157/0000070858-26-000157-index.html,,calculated,available,,loan_loss_allowance / total_loans,"[""loan_loss_allowance:2022"", ""total_loans:2022""]",allowance_to_loans_ratio:2022,False
cash_and_cash_equivalents,2022,230203000000.0,USD,us-gaap:CashCashEquivalentsRestrictedCashAndRestrictedCashEquivalents,2026-02-25,2025.0,10-K,,2022-12-31,0000070858-26-000157,https://www.sec.gov/Archives/edgar/data/70858/000007085826000157/0000070858-26-000157-index.html,https://data.sec.gov/api/xbrl/companyfacts/CIK0000070858.json,reported,available,,,,cash_and_cash_equivalents:2022,False
cash_to_assets_ratio,2022,0.07544238253246487,pure,us-gaap:Assets|us-gaap:CashCashEquivalentsRestrictedCashAndRestrictedCashEquivalents,2024-02-20|2026-02-25,,10-K,,2022-12-31,0000070858-24-000122|0000070858-26-000157,https://www.sec.gov/Archives/edgar/data/70858/000007085824000122/0000070858-24-000122-index.html|https://www.sec.gov/Archives/edgar/data/70858/000007085826000157/0000070858-26-000157-index.html,,calculated,available,,cash_and_cash_equivalents / total_assets,"[""cash_and_cash_equivalents:2022"", ""total_assets:2022""]",cash_to_assets_ratio:2022,False
cet1_ratio,2022,,pure,,,,,,2022-12-31,,,https://data.sec.gov/api/xbrl/companyfacts/CIK0000070858.json,reported,missing,"Manual annual-report extraction required: Capital Management: consolidated corporation CET1 ratio, standardized approach; capture actual ratio, not minimum requirement.",,,cet1_ratio:2022,False
common_equity,2022,244800000000.0,USD,us-gaap:PreferredStockIncludingAdditionalPaidInCapital|us-gaap:StockholdersEquity,2023-02-22|2026-02-25,,10-K,,2022-12-31,0000070858-23-000092|0000070858-26-000157,https://www.sec.gov/Archives/edgar/data/70858/000007085823000092/0000070858-23-000092-index.html|https://www.sec.gov/Archives/edgar/data/70858/000007085826000157/0000070858-26-000157-index.html,,calculated,available,,total_equity - preferred_equity,"[""total_equity:2022"", ""preferred_equity:2022""]",common_equity:2022,False
common_equity_yoy,2022,-0.0022742278629594307,pure,us-gaap:PreferredStockIncludingAdditionalPaidInCapital|us-gaap:StockholdersEquity,2022-02-22|2025-02-25|2023-02-22|2026-02-25,,10-K,,2022-12-31,0000070858-22-000062|0000070858-25-000139|0000070858-23-000092|0000070858-26-000157,https://www.sec.gov/Archives/edgar/data/70858/000007085822000062/0000070858-22-000062-index.html|https://www.sec.gov/Archives/edgar/data/70858/000007085825000139/0000070858-25-000139-index.html|https://www.sec.gov/Archives/edgar/data/70858/000007085823000092/0000070858-23-000092-index.html|https://www.sec.gov/Archives/edgar/data/70858/000007085826000157/0000070858-26-000157-index.html,,calculated,available,,(common_equity[t] - common_equity[t-1]) / common_equity[t-1],"[""common_equity:2022"", ""common_equity:2021""]",common_equity_yoy:2022,False
efficiency_ratio_calculated,2022,0.647056345444971,pure,us-gaap:NoninterestExpense|us-gaap:Revenues,2025-02-25,,10-K,,2022-12-31,0000070858-25-000139,https://www.sec.gov/Archives/edgar/data/70858/000007085825000139/0000070858-25-000139-index.html,,calculated,available,,noninterest_expense / total_revenue,"[""noninterest_expense:2022"", ""total_revenue:2022""]",efficiency_ratio_calculated:2022,False
efficiency_ratio_reported,2022,,pure,,,,,,2022-12-31,,,https://data.sec.gov/api/xbrl/companyfacts/CIK0000070858.json,reported,missing,Manual annual-report extraction required: Financial Highlights: reported efficiency ratio; record GAAP/FTE basis and adjustments.,,,efficiency_ratio_reported:2022,False
equity_to_assets_ratio,2022,0.08953242390725492,pure,us-gaap:Assets|us-gaap:StockholdersEquity,2024-02-20|2026-02-25,,10-K,,2022-12-31,0000070858-24-000122|0000070858-26-000157,https://www.sec.gov/Archives/edgar/data/70858/000007085824000122/0000070858-24-000122-index.html|https://www.sec.gov/Archives/edgar/data/70858/000007085826000157/0000070858-26-000157-index.html,,calculated,available,,total_equity / total_assets,"[""total_equity:2022"", ""total_assets:2022""]",equity_to_assets_ratio:2022,False
loan_credit_loss_provision,2022,2460000000.0,USD,us-gaap:FinancingReceivableExcludingAccruedInterestCreditLossExpenseReversal,2025-02-25,2024.0,10-K,2022-01-01,2022-12-31,0000070858-25-000139,https://www.sec.gov/Archives/edgar/data/70858/000007085825000139/0000070858-25-000139-index.html,https://data.sec.gov/api/xbrl/companyfacts/CIK0000070858.json,reported,available,,,,loan_credit_loss_provision:2022,False
loan_loss_allowance,2022,12682000000.0,USD,us-gaap:FinancingReceivableAllowanceForCreditLossExcludingAccruedInterest,2026-02-25,2025.0,10-K,,2022-12-31,0000070858-26-000157,https://www.sec.gov/Archives/edgar/data/70858/000007085826000157/0000070858-26-000157-index.html,https://data.sec.gov/api/xbrl/companyfacts/CIK0000070858.json,reported,available,,,,loan_loss_allowance:2022,False
loan_to_deposit_ratio,2022,0.5417421067054992,pure,us-gaap:Deposits|us-gaap:FinancingReceivableExcludingAccruedInterestBeforeAllowanceForCreditLoss,2024-02-20,,10-K,,2022-12-31,0000070858-24-000122,https://www.sec.gov/Archives/edgar/data/70858/000007085824000122/0000070858-24-000122-index.html,,calculated,available,,total_loans / total_deposits,"[""total_loans:2022"", ""total_deposits:2022""]",loan_to_deposit_ratio:2022,False
net_charge_off_ratio,2022,0.002145321850132675,pure,us-gaap:FinancingReceivableExcludingAccruedInterestAllowanceForCreditLossWriteoffAfterRecovery|us-gaap:FinancingReceivableExcludingAccruedInterestBeforeAllowanceForCreditLoss,2023-02-22|2024-02-20|2025-02-25,,10-K,,2022-12-31,0000070858-23-000092|0000070858-24-000122|0000070858-25-000139,https://www.sec.gov/Archives/edgar/data/70858/000007085823000092/0000070858-23-000092-index.html|https://www.sec.gov/Archives/edgar/data/70858/000007085824000122/0000070858-24-000122-index.html|https://www.sec.gov/Archives/edgar/data/70858/000007085825000139/0000070858-25-000139-index.html,,calculated,available,,"net_charge_offs / mean(total_loans[t-1], total_loans[t])","[""net_charge_offs:2022"", ""total_loans:2022"", ""total_loans:2021""]",net_charge_off_ratio:2022,False
net_charge_offs,2022,2172000000.0,USD,us-gaap:FinancingReceivableExcludingAccruedInterestAllowanceForCreditLossWriteoffAfterRecovery,2025-02-25,2024.0,10-K,2022-01-01,2022-12-31,0000070858-25-000139,https://www.sec.gov/Archives/edgar/data/70858/000007085825000139/0000070858-25-000139-index.html,https://data.sec.gov/api/xbrl/companyfacts/CIK0000070858.json,reported,available,,,,net_charge_offs:2022,False
net_charge_offs_yoy,2022,-0.03165403477485511,pure,us-gaap:FinancingReceivableExcludingAccruedInterestAllowanceForCreditLossWriteoffAfterRecovery,2024-02-20|2025-02-25,,10-K,,2022-12-31,0000070858-24-000122|0000070858-25-000139,https://www.sec.gov/Archives/edgar/data/70858/000007085824000122/0000070858-24-000122-index.html|https://www.sec.gov/Archives/edgar/data/70858/000007085825000139/0000070858-25-000139-index.html,,calculated,available,,(net_charge_offs[t] - net_charge_offs[t-1]) / net_charge_offs[t-1],"[""net_charge_offs:2022"", ""net_charge_offs:2021""]",net_charge_offs_yoy:2022,False
net_income,2022,27528000000.0,USD,us-gaap:NetIncomeLoss,2025-02-25,2024.0,10-K,2022-01-01,2022-12-31,0000070858-25-000139,https://www.sec.gov/Archives/edgar/data/70858/000007085825000139/0000070858-25-000139-index.html,https://data.sec.gov/api/xbrl/companyfacts/CIK0000070858.json,reported,available,,,,net_income:2022,False
net_income_yoy,2022,-0.1391581712427294,pure,us-gaap:NetIncomeLoss,2024-02-20|2025-02-25,,10-K,,2022-12-31,0000070858-24-000122|0000070858-25-000139,https://www.sec.gov/Archives/edgar/data/70858/000007085824000122/0000070858-24-000122-index.html|https://www.sec.gov/Archives/edgar/data/70858/000007085825000139/0000070858-25-000139-index.html,,calculated,available,,(net_income[t] - net_income[t-1]) / net_income[t-1],"[""net_income:2022"", ""net_income:2021""]",net_income_yoy:2022,False
net_interest_income,2022,52462000000.0,USD,us-gaap:InterestIncomeExpenseNet,2025-02-25,2024.0,10-K,2022-01-01,2022-12-31,0000070858-25-000139,https://www.sec.gov/Archives/edgar/data/70858/000007085825000139/0000070858-25-000139-index.html,https://data.sec.gov/api/xbrl/companyfacts/CIK0000070858.json,reported,available,,,,net_interest_income:2022,False
net_interest_income_yoy,2022,0.22192201984441234,pure,us-gaap:InterestIncomeExpenseNet,2024-02-20|2025-02-25,,10-K,,2022-12-31,0000070858-24-000122|0000070858-25-000139,https://www.sec.gov/Archives/edgar/data/70858/000007085824000122/0000070858-24-000122-index.html|https://www.sec.gov/Archives/edgar/data/70858/000007085825000139/0000070858-25-000139-index.html,,calculated,available,,(net_interest_income[t] - net_interest_income[t-1]) / net_interest_income[t-1],"[""net_interest_income:2022"", ""net_interest_income:2021""]",net_interest_income_yoy:2022,False
net_interest_margin_reported,2022,,pure,,,,,,2022-12-31,,,https://data.sec.gov/api/xbrl/companyfacts/CIK0000070858.json,reported,missing,Manual annual-report extraction required: Average Balances and Interest Rates table: net interest yield/margin; document FTE basis.,,,net_interest_margin_reported:2022,False
noninterest_expense,2022,61438000000.0,USD,us-gaap:NoninterestExpense,2025-02-25,2024.0,10-K,2022-01-01,2022-12-31,0000070858-25-000139,https://www.sec.gov/Archives/edgar/data/70858/000007085825000139/0000070858-25-000139-index.html,https://data.sec.gov/api/xbrl/companyfacts/CIK0000070858.json,reported,available,,,,noninterest_expense:2022,False
preferred_equity,2022,28397000000.0,USD,us-gaap:PreferredStockIncludingAdditionalPaidInCapital,2023-02-22,2022.0,10-K,,2022-12-31,0000070858-23-000092,https://www.sec.gov/Archives/edgar/data/70858/000007085823000092/0000070858-23-000092-index.html,https://data.sec.gov/api/xbrl/companyfacts/CIK0000070858.json,reported,available,,,,preferred_equity:2022,False
provision_for_credit_losses,2022,2543000000.0,USD,us-gaap:FinancingReceivableExcludingAccruedInterestCreditLossExpenseReversal|us-gaap:OffBalanceSheetCreditLossLiabilityCreditLossExpenseReversal,2025-02-25,,10-K,,2022-12-31,0000070858-25-000139,https://www.sec.gov/Archives/edgar/data/70858/000007085825000139/0000070858-25-000139-index.html,,calculated,available,,loan_credit_loss_provision + unfunded_credit_loss_provision,"[""loan_credit_loss_provision:2022"", ""unfunded_credit_loss_provision:2022""]",provision_for_credit_losses:2022,False
provision_for_credit_losses_yoy,2022,,pure,us-gaap:FinancingReceivableExcludingAccruedInterestCreditLossExpenseReversal|us-gaap:OffBalanceSheetCreditLossLiabilityCreditLossExpenseReversal,2024-02-20|2025-02-25,,10-K,,2022-12-31,0000070858-24-000122|0000070858-25-000139,https://www.sec.gov/Archives/edgar/data/70858/000007085824000122/0000070858-24-000122-index.html|https://www.sec.gov/Archives/edgar/data/70858/000007085825000139/0000070858-25-000139-index.html,,calculated,missing,Nonpositive denominator; ratio/change undefined.,(provision_for_credit_losses[t] - provision_for_credit_losses[t-1]) / provision_for_credit_losses[t-1],"[""provision_for_credit_losses:2022"", ""provision_for_credit_losses:2021""]",provision_for_credit_losses_yoy:2022,False
risk_weighted_assets,2022,,USD,,,,,,2022-12-31,,,https://data.sec.gov/api/xbrl/companyfacts/CIK0000070858.json,reported,missing,"Manual annual-report extraction required: Capital Management / regulatory capital table: consolidated corporation, standardized approach, year-end. Do not substitute bank subsidiary or advanced approach.",,,risk_weighted_assets:2022,False
roa_calculated,2022,0.008850209054360564,pure,us-gaap:Assets|us-gaap:NetIncomeLoss,2023-02-22|2024-02-20|2025-02-25,,10-K,,2022-12-31,0000070858-23-000092|0000070858-24-000122|0000070858-25-000139,https://www.sec.gov/Archives/edgar/data/70858/000007085823000092/0000070858-23-000092-index.html|https://www.sec.gov/Archives/edgar/data/70858/000007085824000122/0000070858-24-000122-index.html|https://www.sec.gov/Archives/edgar/data/70858/000007085825000139/0000070858-25-000139-index.html,,calculated,available,,"net_income / mean(total_assets[t-1], total_assets[t])","[""net_income:2022"", ""total_assets:2022"", ""total_assets:2021""]",roa_calculated:2022,False
roa_reported,2022,,pure,,,,,,2022-12-31,,,https://data.sec.gov/api/xbrl/companyfacts/CIK0000070858.json,reported,missing,"Manual annual-report extraction required: Financial Highlights: return on average assets, actual reported average denominator.",,,roa_reported:2022,False
roe_calculated,2022,0.10134318000673707,pure,us-gaap:NetIncomeLoss|us-gaap:StockholdersEquity,2025-02-25|2026-02-25,,10-K,,2022-12-31,0000070858-25-000139|0000070858-26-000157,https://www.sec.gov/Archives/edgar/data/70858/000007085825000139/0000070858-25-000139-index.html|https://www.sec.gov/Archives/edgar/data/70858/000007085826000157/0000070858-26-000157-index.html,,calculated,available,,"net_income / mean(total_equity[t-1], total_equity[t])","[""net_income:2022"", ""total_equity:2022"", ""total_equity:2021""]",roe_calculated:2022,False
roe_reported,2022,,pure,,,,,,2022-12-31,,,https://data.sec.gov/api/xbrl/companyfacts/CIK0000070858.json,reported,missing,Manual annual-report extraction required: Financial Highlights: return on average common equity; keep separate from calculated total-equity ROE.,,,roe_reported:2022,False
tier1_capital_ratio,2022,,pure,,,,,,2022-12-31,,,https://data.sec.gov/api/xbrl/companyfacts/CIK0000070858.json,reported,missing,"Manual annual-report extraction required: Regulatory capital table: consolidated corporation Tier 1 ratio, standardized approach.",,,tier1_capital_ratio:2022,False
tier1_leverage_ratio,2022,,pure,,,,,,2022-12-31,,,https://data.sec.gov/api/xbrl/companyfacts/CIK0000070858.json,reported,missing,Manual annual-report extraction required: Regulatory capital table: Tier 1 leverage ratio; not supplementary leverage ratio.,,,tier1_leverage_ratio:2022,False
total_assets,2022,3051375000000.0,USD,us-gaap:Assets,2024-02-20,2023.0,10-K,,2022-12-31,0000070858-24-000122,https://www.sec.gov/Archives/edgar/data/70858/000007085824000122/0000070858-24-000122-index.html,https://data.sec.gov/api/xbrl/companyfacts/CIK0000070858.json,reported,available,,,,total_assets:2022,False
total_assets_yoy,2022,-0.03726776663159273,pure,us-gaap:Assets,2023-02-22|2024-02-20,,10-K,,2022-12-31,0000070858-23-000092|0000070858-24-000122,https://www.sec.gov/Archives/edgar/data/70858/000007085823000092/0000070858-23-000092-index.html|https://www.sec.gov/Archives/edgar/data/70858/000007085824000122/0000070858-24-000122-index.html,,calculated,available,,(total_assets[t] - total_assets[t-1]) / total_assets[t-1],"[""total_assets:2022"", ""total_assets:2021""]",total_assets_yoy:2022,False
total_capital_ratio,2022,,pure,,,,,,2022-12-31,,,https://data.sec.gov/api/xbrl/companyfacts/CIK0000070858.json,reported,missing,"Manual annual-report extraction required: Regulatory capital table: consolidated corporation total capital ratio, standardized approach.",,,total_capital_ratio:2022,False
total_deposits,2022,1930341000000.0,USD,us-gaap:Deposits,2024-02-20,2023.0,10-K,,2022-12-31,0000070858-24-000122,https://www.sec.gov/Archives/edgar/data/70858/000007085824000122/0000070858-24-000122-index.html,https://data.sec.gov/api/xbrl/companyfacts/CIK0000070858.json,reported,available,,,,total_deposits:2022,False
total_deposits_yoy,2022,-0.06495931596176407,pure,us-gaap:Deposits,2023-02-22|2024-02-20,,10-K,,2022-12-31,0000070858-23-000092|0000070858-24-000122,https://www.sec.gov/Archives/edgar/data/70858/000007085823000092/0000070858-23-000092-index.html|https://www.sec.gov/Archives/edgar/data/70858/000007085824000122/0000070858-24-000122-index.html,,calculated,available,,(total_deposits[t] - total_deposits[t-1]) / total_deposits[t-1],"[""total_deposits:2022"", ""total_deposits:2021""]",total_deposits_yoy:2022,False
total_equity,2022,273197000000.0,USD,us-gaap:StockholdersEquity,2026-02-25,2025.0,10-K,,2022-12-31,0000070858-26-000157,https://www.sec.gov/Archives/edgar/data/70858/000007085826000157/0000070858-26-000157-index.html,https://data.sec.gov/api/xbrl/companyfacts/CIK0000070858.json,reported,available,,,,total_equity:2022,False
total_loans,2022,1045747000000.0,USD,us-gaap:FinancingReceivableExcludingAccruedInterestBeforeAllowanceForCreditLoss,2024-02-20,2023.0,10-K,,2022-12-31,0000070858-24-000122,https://www.sec.gov/Archives/edgar/data/70858/000007085824000122/0000070858-24-000122-index.html,https://data.sec.gov/api/xbrl/companyfacts/CIK0000070858.json,reported,available,,,,total_loans:2022,False
total_loans_yoy,2022,0.06804347559655366,pure,us-gaap:FinancingReceivableExcludingAccruedInterestBeforeAllowanceForCreditLoss,2023-02-22|2024-02-20,,10-K,,2022-12-31,0000070858-23-000092|0000070858-24-000122,https://www.sec.gov/Archives/edgar/data/70858/000007085823000092/0000070858-23-000092-index.html|https://www.sec.gov/Archives/edgar/data/70858/000007085824000122/0000070858-24-000122-index.html,,calculated,available,,(total_loans[t] - total_loans[t-1]) / total_loans[t-1],"[""total_loans:2022"", ""total_loans:2021""]",total_loans_yoy:2022,False
total_revenue,2022,94950000000.0,USD,us-gaap:Revenues,2025-02-25,2024.0,10-K,2022-01-01,2022-12-31,0000070858-25-000139,https://www.sec.gov/Archives/edgar/data/70858/000007085825000139/0000070858-25-000139-index.html,https://data.sec.gov/api/xbrl/companyfacts/CIK0000070858.json,reported,available,,,,total_revenue:2022,False
total_revenue_yoy,2022,0.06550110533816615,pure,us-gaap:Revenues,2024-02-20|2025-02-25,,10-K,,2022-12-31,0000070858-24-000122|0000070858-25-000139,https://www.sec.gov/Archives/edgar/data/70858/000007085824000122/0000070858-24-000122-index.html|https://www.sec.gov/Archives/edgar/data/70858/000007085825000139/0000070858-25-000139-index.html,,calculated,available,,(total_revenue[t] - total_revenue[t-1]) / total_revenue[t-1],"[""total_revenue:2022"", ""total_revenue:2021""]",total_revenue_yoy:2022,False
trading_asset_exposure,2022,0.09704084224325099,pure,us-gaap:Assets|us-gaap:TradingSecurities,2024-02-20,,10-K,,2022-12-31,0000070858-24-000122,https://www.sec.gov/Archives/edgar/data/70858/000007085824000122/0000070858-24-000122-index.html,,calculated,available,,trading_assets / total_assets,"[""trading_assets:2022"", ""total_assets:2022""]",trading_asset_exposure:2022,False
trading_assets,2022,296108000000.0,USD,us-gaap:TradingSecurities,2024-02-20,2023.0,10-K,,2022-12-31,0000070858-24-000122,https://www.sec.gov/Archives/edgar/data/70858/000007085824000122/0000070858-24-000122-index.html,https://data.sec.gov/api/xbrl/companyfacts/CIK0000070858.json,reported,available,,,,trading_assets:2022,False
trading_assets_yoy,2022,0.1984296584102315,pure,us-gaap:TradingSecurities,2023-02-22|2024-02-20,,10-K,,2022-12-31,0000070858-23-000092|0000070858-24-000122,https://www.sec.gov/Archives/edgar/data/70858/000007085823000092/0000070858-23-000092-index.html|https://www.sec.gov/Archives/edgar/data/70858/000007085824000122/0000070858-24-000122-index.html,,calculated,available,,(trading_assets[t] - trading_assets[t-1]) / trading_assets[t-1],"[""trading_assets:2022"", ""trading_assets:2021""]",trading_assets_yoy:2022,False
trading_liabilities,2022,80399000000.0,USD,us-gaap:TradingLiabilities,2024-02-20,2023.0,10-K,,2022-12-31,0000070858-24-000122,https://www.sec.gov/Archives/edgar/data/70858/000007085824000122/0000070858-24-000122-index.html,https://data.sec.gov/api/xbrl/companyfacts/CIK0000070858.json,reported,available,,,,trading_liabilities:2022,False
trading_liabilities_yoy,2022,-0.20151951534412554,pure,us-gaap:TradingLiabilities,2023-02-22|2024-02-20,,10-K,,2022-12-31,0000070858-23-000092|0000070858-24-000122,https://www.sec.gov/Archives/edgar/data/70858/000007085823000092/0000070858-23-000092-index.html|https://www.sec.gov/Archives/edgar/data/70858/000007085824000122/0000070858-24-000122-index.html,,calculated,available,,(trading_liabilities[t] - trading_liabilities[t-1]) / trading_liabilities[t-1],"[""trading_liabilities:2022"", ""trading_liabilities:2021""]",trading_liabilities_yoy:2022,False
unfunded_credit_loss_allowance,2022,1540000000.0,USD,us-gaap:OffBalanceSheetCreditLossLiability,2026-02-25,2025.0,10-K,,2022-12-31,0000070858-26-000157,https://www.sec.gov/Archives/edgar/data/70858/000007085826000157/0000070858-26-000157-index.html,https://data.sec.gov/api/xbrl/companyfacts/CIK0000070858.json,reported,available,,,,unfunded_credit_loss_allowance:2022,False
unfunded_credit_loss_provision,2022,83000000.0,USD,us-gaap:OffBalanceSheetCreditLossLiabilityCreditLossExpenseReversal,2025-02-25,2024.0,10-K,2022-01-01,2022-12-31,0000070858-25-000139,https://www.sec.gov/Archives/edgar/data/70858/000007085825000139/0000070858-25-000139-index.html,https://data.sec.gov/api/xbrl/companyfacts/CIK0000070858.json,reported,available,,,,unfunded_credit_loss_provision:2022,False
allowance_for_credit_losses,2023,14551000000.0,USD,us-gaap:FinancingReceivableAllowanceForCreditLossExcludingAccruedInterest|us-gaap:OffBalanceSheetCreditLossLiability,2026-02-25,,10-K,,2023-12-31,0000070858-26-000157,https://www.sec.gov/Archives/edgar/data/70858/000007085826000157/0000070858-26-000157-index.html,,calculated,available,,loan_loss_allowance + unfunded_credit_loss_allowance,"[""loan_loss_allowance:2023"", ""unfunded_credit_loss_allowance:2023""]",allowance_for_credit_losses:2023,False
allowance_for_credit_losses_yoy,2023,0.02313317395584306,pure,us-gaap:FinancingReceivableAllowanceForCreditLossExcludingAccruedInterest|us-gaap:OffBalanceSheetCreditLossLiability,2026-02-25,,10-K,,2023-12-31,0000070858-26-000157,https://www.sec.gov/Archives/edgar/data/70858/000007085826000157/0000070858-26-000157-index.html,,calculated,available,,(allowance_for_credit_losses[t] - allowance_for_credit_losses[t-1]) / allowance_for_credit_losses[t-1],"[""allowance_for_credit_losses:2023"", ""allowance_for_credit_losses:2022""]",allowance_for_credit_losses_yoy:2023,False
allowance_to_loans_ratio,2023,0.012661663496980257,pure,us-gaap:FinancingReceivableAllowanceForCreditLossExcludingAccruedInterest|us-gaap:FinancingReceivableExcludingAccruedInterestBeforeAllowanceForCreditLoss,2025-02-25|2026-02-25,,10-K,,2023-12-31,0000070858-25-000139|0000070858-26-000157,https://www.sec.gov/Archives/edgar/data/70858/000007085825000139/0000070858-25-000139-index.html|https://www.sec.gov/Archives/edgar/data/70858/000007085826000157/0000070858-26-000157-index.html,,calculated,available,,loan_loss_allowance / total_loans,"[""loan_loss_allowance:2023"", ""total_loans:2023""]",allowance_to_loans_ratio:2023,False
cash_and_cash_equivalents,2023,333073000000.0,USD,us-gaap:CashCashEquivalentsRestrictedCashAndRestrictedCashEquivalents,2026-02-25,2025.0,10-K,,2023-12-31,0000070858-26-000157,https://www.sec.gov/Archives/edgar/data/70858/000007085826000157/0000070858-26-000157-index.html,https://data.sec.gov/api/xbrl/companyfacts/CIK0000070858.json,reported,available,,,,cash_and_cash_equivalents:2023,False
cash_to_assets_ratio,2023,0.10473496384291187,pure,us-gaap:Assets|us-gaap:CashCashEquivalentsRestrictedCashAndRestrictedCashEquivalents,2025-02-25|2026-02-25,,10-K,,2023-12-31,0000070858-25-000139|0000070858-26-000157,https://www.sec.gov/Archives/edgar/data/70858/000007085825000139/0000070858-25-000139-index.html|https://www.sec.gov/Archives/edgar/data/70858/000007085826000157/0000070858-26-000157-index.html,,calculated,available,,cash_and_cash_equivalents / total_assets,"[""cash_and_cash_equivalents:2023"", ""total_assets:2023""]",cash_to_assets_ratio:2023,False
cet1_ratio,2023,,pure,,,,,,2023-12-31,,,https://data.sec.gov/api/xbrl/companyfacts/CIK0000070858.json,reported,missing,"Manual annual-report extraction required: Capital Management: consolidated corporation CET1 ratio, standardized approach; capture actual ratio, not minimum requirement.",,,cet1_ratio:2023,False
common_equity,2023,261812000000.0,USD,us-gaap:PreferredStockIncludingAdditionalPaidInCapital|us-gaap:StockholdersEquity,2024-02-20|2026-02-25,,10-K,,2023-12-31,0000070858-24-000122|0000070858-26-000157,https://www.sec.gov/Archives/edgar/data/70858/000007085824000122/0000070858-24-000122-index.html|https://www.sec.gov/Archives/edgar/data/70858/000007085826000157/0000070858-26-000157-index.html,,calculated,available,,total_equity - preferred_equity,"[""total_equity:2023"", ""preferred_equity:2023""]",common_equity:2023,False
common_equity_yoy,2023,0.06949346405228758,pure,us-gaap:PreferredStockIncludingAdditionalPaidInCapital|us-gaap:StockholdersEquity,2023-02-22|2026-02-25|2024-02-20|2026-02-25,,10-K,,2023-12-31,0000070858-23-000092|0000070858-26-000157|0000070858-24-000122|0000070858-26-000157,https://www.sec.gov/Archives/edgar/data/70858/000007085823000092/0000070858-23-000092-index.html|https://www.sec.gov/Archives/edgar/data/70858/000007085826000157/0000070858-26-000157-index.html|https://www.sec.gov/Archives/edgar/data/70858/000007085824000122/0000070858-24-000122-index.html|https://www.sec.gov/Archives/edgar/data/70858/000007085826000157/0000070858-26-000157-index.html,,calculated,available,,(common_equity[t] - common_equity[t-1]) / common_equity[t-1],"[""common_equity:2023"", ""common_equity:2022""]",common_equity_yoy:2023,False
efficiency_ratio_calculated,2023,0.6407087740466483,pure,us-gaap:NoninterestExpense|us-gaap:Revenues,2026-02-25,,10-K,,2023-12-31,0000070858-26-000157,https://www.sec.gov/Archives/edgar/data/70858/000007085826000157/0000070858-26-000157-index.html,,calculated,available,,noninterest_expense / total_revenue,"[""noninterest_expense:2023"", ""total_revenue:2023""]",efficiency_ratio_calculated:2023,False
efficiency_ratio_reported,2023,,pure,,,,,,2023-12-31,,,https://data.sec.gov/api/xbrl/companyfacts/CIK0000070858.json,reported,missing,Manual annual-report extraction required: Financial Highlights: reported efficiency ratio; record GAAP/FTE basis and adjustments.,,,efficiency_ratio_reported:2023,False
equity_to_assets_ratio,2023,0.09125635858171514,pure,us-gaap:Assets|us-gaap:StockholdersEquity,2025-02-25|2026-02-25,,10-K,,2023-12-31,0000070858-25-000139|0000070858-26-000157,https://www.sec.gov/Archives/edgar/data/70858/000007085825000139/0000070858-25-000139-index.html|https://www.sec.gov/Archives/edgar/data/70858/000007085826000157/0000070858-26-000157-index.html,,calculated,available,,total_equity / total_assets,"[""total_equity:2023"", ""total_assets:2023""]",equity_to_assets_ratio:2023,False
loan_credit_loss_provision,2023,4725000000.0,USD,us-gaap:FinancingReceivableExcludingAccruedInterestCreditLossExpenseReversal,2026-02-25,2025.0,10-K,2023-01-01,2023-12-31,0000070858-26-000157,https://www.sec.gov/Archives/edgar/data/70858/000007085826000157/0000070858-26-000157-index.html,https://data.sec.gov/api/xbrl/companyfacts/CIK0000070858.json,reported,available,,,,loan_credit_loss_provision:2023,False
loan_loss_allowance,2023,13342000000.0,USD,us-gaap:FinancingReceivableAllowanceForCreditLossExcludingAccruedInterest,2026-02-25,2025.0,10-K,,2023-12-31,0000070858-26-000157,https://www.sec.gov/Archives/edgar/data/70858/000007085826000157/0000070858-26-000157-index.html,https://data.sec.gov/api/xbrl/companyfacts/CIK0000070858.json,reported,available,,,,loan_loss_allowance:2023,False
loan_to_deposit_ratio,2023,0.5477270045591418,pure,us-gaap:Deposits|us-gaap:FinancingReceivableExcludingAccruedInterestBeforeAllowanceForCreditLoss,2025-02-25,,10-K,,2023-12-31,0000070858-25-000139,https://www.sec.gov/Archives/edgar/data/70858/000007085825000139/0000070858-25-000139-index.html,,calculated,available,,total_loans / total_deposits,"[""total_loans:2023"", ""total_deposits:2023""]",loan_to_deposit_ratio:2023,False
net_charge_off_ratio,2023,0.003618993093048323,pure,us-gaap:FinancingReceivableExcludingAccruedInterestAllowanceForCreditLossWriteoffAfterRecovery|us-gaap:FinancingReceivableExcludingAccruedInterestBeforeAllowanceForCreditLoss,2024-02-20|2025-02-25|2026-02-25,,10-K,,2023-12-31,0000070858-24-000122|0000070858-25-000139|0000070858-26-000157,https://www.sec.gov/Archives/edgar/data/70858/000007085824000122/0000070858-24-000122-index.html|https://www.sec.gov/Archives/edgar/data/70858/000007085825000139/0000070858-25-000139-index.html|https://www.sec.gov/Archives/edgar/data/70858/000007085826000157/0000070858-26-000157-index.html,,calculated,available,,"net_charge_offs / mean(total_loans[t-1], total_loans[t])","[""net_charge_offs:2023"", ""total_loans:2023"", ""total_loans:2022""]",net_charge_off_ratio:2023,False
net_charge_offs,2023,3799000000.0,USD,us-gaap:FinancingReceivableExcludingAccruedInterestAllowanceForCreditLossWriteoffAfterRecovery,2026-02-25,2025.0,10-K,2023-01-01,2023-12-31,0000070858-26-000157,https://www.sec.gov/Archives/edgar/data/70858/000007085826000157/0000070858-26-000157-index.html,https://data.sec.gov/api/xbrl/companyfacts/CIK0000070858.json,reported,available,,,,net_charge_offs:2023,False
net_charge_offs_yoy,2023,0.7490791896869244,pure,us-gaap:FinancingReceivableExcludingAccruedInterestAllowanceForCreditLossWriteoffAfterRecovery,2025-02-25|2026-02-25,,10-K,,2023-12-31,0000070858-25-000139|0000070858-26-000157,https://www.sec.gov/Archives/edgar/data/70858/000007085825000139/0000070858-25-000139-index.html|https://www.sec.gov/Archives/edgar/data/70858/000007085826000157/0000070858-26-000157-index.html,,calculated,available,,(net_charge_offs[t] - net_charge_offs[t-1]) / net_charge_offs[t-1],"[""net_charge_offs:2023"", ""net_charge_offs:2022""]",net_charge_offs_yoy:2023,False
net_income,2023,26305000000.0,USD,us-gaap:NetIncomeLoss,2026-02-25,2025.0,10-K,2023-01-01,2023-12-31,0000070858-26-000157,https://www.sec.gov/Archives/edgar/data/70858/000007085826000157/0000070858-26-000157-index.html,https://data.sec.gov/api/xbrl/companyfacts/CIK0000070858.json,reported,available,,,,net_income:2023,False
net_income_yoy,2023,-0.04442749200813717,pure,us-gaap:NetIncomeLoss,2025-02-25|2026-02-25,,10-K,,2023-12-31,0000070858-25-000139|0000070858-26-000157,https://www.sec.gov/Archives/edgar/data/70858/000007085825000139/0000070858-25-000139-index.html|https://www.sec.gov/Archives/edgar/data/70858/000007085826000157/0000070858-26-000157-index.html,,calculated,available,,(net_income[t] - net_income[t-1]) / net_income[t-1],"[""net_income:2023"", ""net_income:2022""]",net_income_yoy:2023,False
net_interest_income,2023,56931000000.0,USD,us-gaap:InterestIncomeExpenseNet,2026-02-25,2025.0,10-K,2023-01-01,2023-12-31,0000070858-26-000157,https://www.sec.gov/Archives/edgar/data/70858/000007085826000157/0000070858-26-000157-index.html,https://data.sec.gov/api/xbrl/companyfacts/CIK0000070858.json,reported,available,,,,net_interest_income:2023,False
net_interest_income_yoy,2023,0.08518546757653159,pure,us-gaap:InterestIncomeExpenseNet,2025-02-25|2026-02-25,,10-K,,2023-12-31,0000070858-25-000139|0000070858-26-000157,https://www.sec.gov/Archives/edgar/data/70858/000007085825000139/0000070858-25-000139-index.html|https://www.sec.gov/Archives/edgar/data/70858/000007085826000157/0000070858-26-000157-index.html,,calculated,available,,(net_interest_income[t] - net_interest_income[t-1]) / net_interest_income[t-1],"[""net_interest_income:2023"", ""net_interest_income:2022""]",net_interest_income_yoy:2023,False
net_interest_margin_reported,2023,,pure,,,,,,2023-12-31,,,https://data.sec.gov/api/xbrl/companyfacts/CIK0000070858.json,reported,missing,Manual annual-report extraction required: Average Balances and Interest Rates table: net interest yield/margin; document FTE basis.,,,net_interest_margin_reported:2023,False
noninterest_expense,2023,65845000000.0,USD,us-gaap:NoninterestExpense,2026-02-25,2025.0,10-K,2023-01-01,2023-12-31,0000070858-26-000157,https://www.sec.gov/Archives/edgar/data/70858/000007085826000157/0000070858-26-000157-index.html,https://data.sec.gov/api/xbrl/companyfacts/CIK0000070858.json,reported,available,,,,noninterest_expense:2023,False
preferred_equity,2023,28397000000.0,USD,us-gaap:PreferredStockIncludingAdditionalPaidInCapital,2024-02-20,2023.0,10-K,,2023-12-31,0000070858-24-000122,https://www.sec.gov/Archives/edgar/data/70858/000007085824000122/0000070858-24-000122-index.html,https://data.sec.gov/api/xbrl/companyfacts/CIK0000070858.json,reported,available,,,,preferred_equity:2023,False
provision_for_credit_losses,2023,4394000000.0,USD,us-gaap:FinancingReceivableExcludingAccruedInterestCreditLossExpenseReversal|us-gaap:OffBalanceSheetCreditLossLiabilityCreditLossExpenseReversal,2026-02-25,,10-K,,2023-12-31,0000070858-26-000157,https://www.sec.gov/Archives/edgar/data/70858/000007085826000157/0000070858-26-000157-index.html,,calculated,available,,loan_credit_loss_provision + unfunded_credit_loss_provision,"[""loan_credit_loss_provision:2023"", ""unfunded_credit_loss_provision:2023""]",provision_for_credit_losses:2023,False
provision_for_credit_losses_yoy,2023,0.7278804561541486,pure,us-gaap:FinancingReceivableExcludingAccruedInterestCreditLossExpenseReversal|us-gaap:OffBalanceSheetCreditLossLiabilityCreditLossExpenseReversal,2025-02-25|2026-02-25,,10-K,,2023-12-31,0000070858-25-000139|0000070858-26-000157,https://www.sec.gov/Archives/edgar/data/70858/000007085825000139/0000070858-25-000139-index.html|https://www.sec.gov/Archives/edgar/data/70858/000007085826000157/0000070858-26-000157-index.html,,calculated,available,,(provision_for_credit_losses[t] - provision_for_credit_losses[t-1]) / provision_for_credit_losses[t-1],"[""provision_for_credit_losses:2023"", ""provision_for_credit_losses:2022""]",provision_for_credit_losses_yoy:2023,False
risk_weighted_assets,2023,,USD,,,,,,2023-12-31,,,https://data.sec.gov/api/xbrl/companyfacts/CIK0000070858.json,reported,missing,"Manual annual-report extraction required: Capital Management / regulatory capital table: consolidated corporation, standardized approach, year-end. Do not substitute bank subsidiary or advanced approach.",,,risk_weighted_assets:2023,False
roa_calculated,2023,0.008442554841302114,pure,us-gaap:Assets|us-gaap:NetIncomeLoss,2024-02-20|2025-02-25|2026-02-25,,10-K,,2023-12-31,0000070858-24-000122|0000070858-25-000139|0000070858-26-000157,https://www.sec.gov/Archives/edgar/data/70858/000007085824000122/0000070858-24-000122-index.html|https://www.sec.gov/Archives/edgar/data/70858/000007085825000139/0000070858-25-000139-index.html|https://www.sec.gov/Archives/edgar/data/70858/000007085826000157/0000070858-26-000157-index.html,,calculated,available,,"net_income / mean(total_assets[t-1], total_assets[t])","[""net_income:2023"", ""total_assets:2023"", ""total_assets:2022""]",roa_calculated:2023,False
roa_reported,2023,,pure,,,,,,2023-12-31,,,https://data.sec.gov/api/xbrl/companyfacts/CIK0000070858.json,reported,missing,"Manual annual-report extraction required: Financial Highlights: return on average assets, actual reported average denominator.",,,roa_reported:2023,False
roe_calculated,2023,0.09337848727205603,pure,us-gaap:NetIncomeLoss|us-gaap:StockholdersEquity,2026-02-25,,10-K,,2023-12-31,0000070858-26-000157,https://www.sec.gov/Archives/edgar/data/70858/000007085826000157/0000070858-26-000157-index.html,,calculated,available,,"net_income / mean(total_equity[t-1], total_equity[t])","[""net_income:2023"", ""total_equity:2023"", ""total_equity:2022""]",roe_calculated:2023,False
roe_reported,2023,,pure,,,,,,2023-12-31,,,https://data.sec.gov/api/xbrl/companyfacts/CIK0000070858.json,reported,missing,Manual annual-report extraction required: Financial Highlights: return on average common equity; keep separate from calculated total-equity ROE.,,,roe_reported:2023,False
tier1_capital_ratio,2023,,pure,,,,,,2023-12-31,,,https://data.sec.gov/api/xbrl/companyfacts/CIK0000070858.json,reported,missing,"Manual annual-report extraction required: Regulatory capital table: consolidated corporation Tier 1 ratio, standardized approach.",,,tier1_capital_ratio:2023,False
tier1_leverage_ratio,2023,,pure,,,,,,2023-12-31,,,https://data.sec.gov/api/xbrl/companyfacts/CIK0000070858.json,reported,missing,Manual annual-report extraction required: Regulatory capital table: Tier 1 leverage ratio; not supplementary leverage ratio.,,,tier1_leverage_ratio:2023,False
total_assets,2023,3180151000000.0,USD,us-gaap:Assets,2025-02-25,2024.0,10-K,,2023-12-31,0000070858-25-000139,https://www.sec.gov/Archives/edgar/data/70858/000007085825000139/0000070858-25-000139-index.html,https://data.sec.gov/api/xbrl/companyfacts/CIK0000070858.json,reported,available,,,,total_assets:2023,False
total_assets_yoy,2023,0.04220261357584695,pure,us-gaap:Assets,2024-02-20|2025-02-25,,10-K,,2023-12-31,0000070858-24-000122|0000070858-25-000139,https://www.sec.gov/Archives/edgar/data/70858/000007085824000122/0000070858-24-000122-index.html|https://www.sec.gov/Archives/edgar/data/70858/000007085825000139/0000070858-25-000139-index.html,,calculated,available,,(total_assets[t] - total_assets[t-1]) / total_assets[t-1],"[""total_assets:2023"", ""total_assets:2022""]",total_assets_yoy:2023,False
total_capital_ratio,2023,,pure,,,,,,2023-12-31,,,https://data.sec.gov/api/xbrl/companyfacts/CIK0000070858.json,reported,missing,"Manual annual-report extraction required: Regulatory capital table: consolidated corporation total capital ratio, standardized approach.",,,total_capital_ratio:2023,False
total_deposits,2023,1923827000000.0,USD,us-gaap:Deposits,2025-02-25,2024.0,10-K,,2023-12-31,0000070858-25-000139,https://www.sec.gov/Archives/edgar/data/70858/000007085825000139/0000070858-25-000139-index.html,https://data.sec.gov/api/xbrl/companyfacts/CIK0000070858.json,reported,available,,,,total_deposits:2023,False
total_deposits_yoy,2023,-0.0033745333078456087,pure,us-gaap:Deposits,2024-02-20|2025-02-25,,10-K,,2023-12-31,0000070858-24-000122|0000070858-25-000139,https://www.sec.gov/Archives/edgar/data/70858/000007085824000122/0000070858-24-000122-index.html|https://www.sec.gov/Archives/edgar/data/70858/000007085825000139/0000070858-25-000139-index.html,,calculated,available,,(total_deposits[t] - total_deposits[t-1]) / total_deposits[t-1],"[""total_deposits:2023"", ""total_deposits:2022""]",total_deposits_yoy:2023,False
total_equity,2023,290209000000.0,USD,us-gaap:StockholdersEquity,2026-02-25,2025.0,10-K,,2023-12-31,0000070858-26-000157,https://www.sec.gov/Archives/edgar/data/70858/000007085826000157/0000070858-26-000157-index.html,https://data.sec.gov/api/xbrl/companyfacts/CIK0000070858.json,reported,available,,,,total_equity:2023,False
total_loans,2023,1053732000000.0,USD,us-gaap:FinancingReceivableExcludingAccruedInterestBeforeAllowanceForCreditLoss,2025-02-25,2024.0,10-K,,2023-12-31,0000070858-25-000139,https://www.sec.gov/Archives/edgar/data/70858/000007085825000139/0000070858-25-000139-index.html,https://data.sec.gov/api/xbrl/companyfacts/CIK0000070858.json,reported,available,,,,total_loans:2023,False
total_loans_yoy,2023,0.007635690085651692,pure,us-gaap:FinancingReceivableExcludingAccruedInterestBeforeAllowanceForCreditLoss,2024-02-20|2025-02-25,,10-K,,2023-12-31,0000070858-24-000122|0000070858-25-000139,https://www.sec.gov/Archives/edgar/data/70858/000007085824000122/0000070858-24-000122-index.html|https://www.sec.gov/Archives/edgar/data/70858/000007085825000139/0000070858-25-000139-index.html,,calculated,available,,(total_loans[t] - total_loans[t-1]) / total_loans[t-1],"[""total_loans:2023"", ""total_loans:2022""]",total_loans_yoy:2023,False
total_revenue,2023,102769000000.0,USD,us-gaap:Revenues,2026-02-25,2025.0,10-K,2023-01-01,2023-12-31,0000070858-26-000157,https://www.sec.gov/Archives/edgar/data/70858/000007085826000157/0000070858-26-000157-index.html,https://data.sec.gov/api/xbrl/companyfacts/CIK0000070858.json,reported,available,,,,total_revenue:2023,False
total_revenue_yoy,2023,0.08234860452869931,pure,us-gaap:Revenues,2025-02-25|2026-02-25,,10-K,,2023-12-31,0000070858-25-000139|0000070858-26-000157,https://www.sec.gov/Archives/edgar/data/70858/000007085825000139/0000070858-25-000139-index.html|https://www.sec.gov/Archives/edgar/data/70858/000007085826000157/0000070858-26-000157-index.html,,calculated,available,,(total_revenue[t] - total_revenue[t-1]) / total_revenue[t-1],"[""total_revenue:2023"", ""total_revenue:2022""]",total_revenue_yoy:2023,False
trading_asset_exposure,2023,0.08721409769536101,pure,us-gaap:Assets|us-gaap:TradingSecurities,2025-02-25,,10-K,,2023-12-31,0000070858-25-000139,https://www.sec.gov/Archives/edgar/data/70858/000007085825000139/0000070858-25-000139-index.html,,calculated,available,,trading_assets / total_assets,"[""trading_assets:2023"", ""total_assets:2023""]",trading_asset_exposure:2023,False
trading_assets,2023,277354000000.0,USD,us-gaap:TradingSecurities,2025-02-25,2024.0,10-K,,2023-12-31,0000070858-25-000139,https://www.sec.gov/Archives/edgar/data/70858/000007085825000139/0000070858-25-000139-index.html,https://data.sec.gov/api/xbrl/companyfacts/CIK0000070858.json,reported,available,,,,trading_assets:2023,False
trading_assets_yoy,2023,-0.06333499939211369,pure,us-gaap:TradingSecurities,2024-02-20|2025-02-25,,10-K,,2023-12-31,0000070858-24-000122|0000070858-25-000139,https://www.sec.gov/Archives/edgar/data/70858/000007085824000122/0000070858-24-000122-index.html|https://www.sec.gov/Archives/edgar/data/70858/000007085825000139/0000070858-25-000139-index.html,,calculated,available,,(trading_assets[t] - trading_assets[t-1]) / trading_assets[t-1],"[""trading_assets:2023"", ""trading_assets:2022""]",trading_assets_yoy:2023,False
trading_liabilities,2023,95530000000.0,USD,us-gaap:TradingLiabilities,2025-02-25,2024.0,10-K,,2023-12-31,0000070858-25-000139,https://www.sec.gov/Archives/edgar/data/70858/000007085825000139/0000070858-25-000139-index.html,https://data.sec.gov/api/xbrl/companyfacts/CIK0000070858.json,reported,available,,,,trading_liabilities:2023,False
trading_liabilities_yoy,2023,0.18819885819475365,pure,us-gaap:TradingLiabilities,2024-02-20|2025-02-25,,10-K,,2023-12-31,0000070858-24-000122|0000070858-25-000139,https://www.sec.gov/Archives/edgar/data/70858/000007085824000122/0000070858-24-000122-index.html|https://www.sec.gov/Archives/edgar/data/70858/000007085825000139/0000070858-25-000139-index.html,,calculated,available,,(trading_liabilities[t] - trading_liabilities[t-1]) / trading_liabilities[t-1],"[""trading_liabilities:2023"", ""trading_liabilities:2022""]",trading_liabilities_yoy:2023,False
unfunded_credit_loss_allowance,2023,1209000000.0,USD,us-gaap:OffBalanceSheetCreditLossLiability,2026-02-25,2025.0,10-K,,2023-12-31,0000070858-26-000157,https://www.sec.gov/Archives/edgar/data/70858/000007085826000157/0000070858-26-000157-index.html,https://data.sec.gov/api/xbrl/companyfacts/CIK0000070858.json,reported,available,,,,unfunded_credit_loss_allowance:2023,False
unfunded_credit_loss_provision,2023,-331000000.0,USD,us-gaap:OffBalanceSheetCreditLossLiabilityCreditLossExpenseReversal,2026-02-25,2025.0,10-K,2023-01-01,2023-12-31,0000070858-26-000157,https://www.sec.gov/Archives/edgar/data/70858/000007085826000157/0000070858-26-000157-index.html,https://data.sec.gov/api/xbrl/companyfacts/CIK0000070858.json,reported,available,,,,unfunded_credit_loss_provision:2023,False
allowance_for_credit_losses,2024,14336000000.0,USD,us-gaap:FinancingReceivableAllowanceForCreditLossExcludingAccruedInterest|us-gaap:OffBalanceSheetCreditLossLiability,2026-02-25,,10-K,,2024-12-31,0000070858-26-000157,https://www.sec.gov/Archives/edgar/data/70858/000007085826000157/0000070858-26-000157-index.html,,calculated,available,,loan_loss_allowance + unfunded_credit_loss_allowance,"[""loan_loss_allowance:2024"", ""unfunded_credit_loss_allowance:2024""]",allowance_for_credit_losses:2024,False
allowance_for_credit_losses_yoy,2024,-0.014775616796096487,pure,us-gaap:FinancingReceivableAllowanceForCreditLossExcludingAccruedInterest|us-gaap:OffBalanceSheetCreditLossLiability,2026-02-25,,10-K,,2024-12-31,0000070858-26-000157,https://www.sec.gov/Archives/edgar/data/70858/000007085826000157/0000070858-26-000157-index.html,,calculated,available,,(allowance_for_credit_losses[t] - allowance_for_credit_losses[t-1]) / allowance_for_credit_losses[t-1],"[""allowance_for_credit_losses:2024"", ""allowance_for_credit_losses:2023""]",allowance_for_credit_losses_yoy:2024,False
allowance_to_loans_ratio,2024,0.012082110901732468,pure,us-gaap:FinancingReceivableAllowanceForCreditLossExcludingAccruedInterest|us-gaap:FinancingReceivableExcludingAccruedInterestBeforeAllowanceForCreditLoss,2026-02-25,,10-K,,2024-12-31,0000070858-26-000157,https://www.sec.gov/Archives/edgar/data/70858/000007085826000157/0000070858-26-000157-index.html,,calculated,available,,loan_loss_allowance / total_loans,"[""loan_loss_allowance:2024"", ""total_loans:2024""]",allowance_to_loans_ratio:2024,False
cash_and_cash_equivalents,2024,290114000000.0,USD,us-gaap:CashCashEquivalentsRestrictedCashAndRestrictedCashEquivalents,2026-02-25,2025.0,10-K,,2024-12-31,0000070858-26-000157,https://www.sec.gov/Archives/edgar/data/70858/000007085826000157/0000070858-26-000157-index.html,https://data.sec.gov/api/xbrl/companyfacts/CIK0000070858.json,reported,available,,,,cash_and_cash_equivalents:2024,False
cash_to_assets_ratio,2024,0.08895657834500915,pure,us-gaap:Assets|us-gaap:CashCashEquivalentsRestrictedCashAndRestrictedCashEquivalents,2026-02-25,,10-K,,2024-12-31,0000070858-26-000157,https://www.sec.gov/Archives/edgar/data/70858/000007085826000157/0000070858-26-000157-index.html,,calculated,available,,cash_and_cash_equivalents / total_assets,"[""cash_and_cash_equivalents:2024"", ""total_assets:2024""]",cash_to_assets_ratio:2024,False
cet1_ratio,2024,,pure,,,,,,2024-12-31,,,https://data.sec.gov/api/xbrl/companyfacts/CIK0000070858.json,reported,missing,"Manual annual-report extraction required: Capital Management: consolidated corporation CET1 ratio, standardized approach; capture actual ratio, not minimum requirement.",,,cet1_ratio:2024,False
common_equity,2024,270804000000.0,USD,us-gaap:PreferredStockIncludingAdditionalPaidInCapital|us-gaap:StockholdersEquity,2025-02-25|2026-02-25,,10-K,,2024-12-31,0000070858-25-000139|0000070858-26-000157,https://www.sec.gov/Archives/edgar/data/70858/000007085825000139/0000070858-25-000139-index.html|https://www.sec.gov/Archives/edgar/data/70858/000007085826000157/0000070858-26-000157-index.html,,calculated,available,,total_equity - preferred_equity,"[""total_equity:2024"", ""preferred_equity:2024""]",common_equity:2024,False
common_equity_yoy,2024,0.03434525537408522,pure,us-gaap:PreferredStockIncludingAdditionalPaidInCapital|us-gaap:StockholdersEquity,2024-02-20|2026-02-25|2025-02-25|2026-02-25,,10-K,,2024-12-31,0000070858-24-000122|0000070858-26-000157|0000070858-25-000139|0000070858-26-000157,https://www.sec.gov/Archives/edgar/data/70858/000007085824000122/0000070858-24-000122-index.html|https://www.sec.gov/Archives/edgar/data/70858/000007085826000157/0000070858-26-000157-index.html|https://www.sec.gov/Archives/edgar/data/70858/000007085825000139/0000070858-25-000139-index.html|https://www.sec.gov/Archives/edgar/data/70858/000007085826000157/0000070858-26-000157-index.html,,calculated,available,,(common_equity[t] - common_equity[t-1]) / common_equity[t-1],"[""common_equity:2024"", ""common_equity:2023""]",common_equity_yoy:2024,False
efficiency_ratio_calculated,2024,0.6311593107617895,pure,us-gaap:NoninterestExpense|us-gaap:Revenues,2026-02-25,,10-K,,2024-12-31,0000070858-26-000157,https://www.sec.gov/Archives/edgar/data/70858/000007085826000157/0000070858-26-000157-index.html,,calculated,available,,noninterest_expense / total_revenue,"[""noninterest_expense:2024"", ""total_revenue:2024""]",efficiency_ratio_calculated:2024,False
efficiency_ratio_reported,2024,,pure,,,,,,2024-12-31,,,https://data.sec.gov/api/xbrl/companyfacts/CIK0000070858.json,reported,missing,Manual annual-report extraction required: Financial Highlights: reported efficiency ratio; record GAAP/FTE basis and adjustments.,,,efficiency_ratio_reported:2024,False
equity_to_assets_ratio,2024,0.09013678291993467,pure,us-gaap:Assets|us-gaap:StockholdersEquity,2026-02-25,,10-K,,2024-12-31,0000070858-26-000157,https://www.sec.gov/Archives/edgar/data/70858/000007085826000157/0000070858-26-000157-index.html,,calculated,available,,total_equity / total_assets,"[""total_equity:2024"", ""total_assets:2024""]",equity_to_assets_ratio:2024,False
loan_credit_loss_provision,2024,5935000000.0,USD,us-gaap:FinancingReceivableExcludingAccruedInterestCreditLossExpenseReversal,2026-02-25,2025.0,10-K,2024-01-01,2024-12-31,0000070858-26-000157,https://www.sec.gov/Archives/edgar/data/70858/000007085826000157/0000070858-26-000157-index.html,https://data.sec.gov/api/xbrl/companyfacts/CIK0000070858.json,reported,available,,,,loan_credit_loss_provision:2024,False
loan_loss_allowance,2024,13240000000.0,USD,us-gaap:FinancingReceivableAllowanceForCreditLossExcludingAccruedInterest,2026-02-25,2025.0,10-K,,2024-12-31,0000070858-26-000157,https://www.sec.gov/Archives/edgar/data/70858/000007085826000157/0000070858-26-000157-index.html,https://data.sec.gov/api/xbrl/companyfacts/CIK0000070858.json,reported,available,,,,loan_loss_allowance:2024,False
loan_to_deposit_ratio,2024,0.55754433933513,pure,us-gaap:Deposits|us-gaap:FinancingReceivableExcludingAccruedInterestBeforeAllowanceForCreditLoss,2026-02-25,,10-K,,2024-12-31,0000070858-26-000157,https://www.sec.gov/Archives/edgar/data/70858/000007085826000157/0000070858-26-000157-index.html,,calculated,available,,total_loans / total_deposits,"[""total_loans:2024"", ""total_deposits:2024""]",loan_to_deposit_ratio:2024,False
net_charge_off_ratio,2024,0.005611362660479994,pure,us-gaap:FinancingReceivableExcludingAccruedInterestAllowanceForCreditLossWriteoffAfterRecovery|us-gaap:FinancingReceivableExcludingAccruedInterestBeforeAllowanceForCreditLoss,2025-02-25|2026-02-25,,10-K,,2024-12-31,0000070858-25-000139|0000070858-26-000157,https://www.sec.gov/Archives/edgar/data/70858/000007085825000139/0000070858-25-000139-index.html|https://www.sec.gov/Archives/edgar/data/70858/000007085826000157/0000070858-26-000157-index.html,,calculated,available,,"net_charge_offs / mean(total_loans[t-1], total_loans[t])","[""net_charge_offs:2024"", ""total_loans:2024"", ""total_loans:2023""]",net_charge_off_ratio:2024,False
net_charge_offs,2024,6031000000.0,USD,us-gaap:FinancingReceivableExcludingAccruedInterestAllowanceForCreditLossWriteoffAfterRecovery,2026-02-25,2025.0,10-K,2024-01-01,2024-12-31,0000070858-26-000157,https://www.sec.gov/Archives/edgar/data/70858/000007085826000157/0000070858-26-000157-index.html,https://data.sec.gov/api/xbrl/companyfacts/CIK0000070858.json,reported,available,,,,net_charge_offs:2024,False
net_charge_offs_yoy,2024,0.5875230323769413,pure,us-gaap:FinancingReceivableExcludingAccruedInterestAllowanceForCreditLossWriteoffAfterRecovery,2026-02-25,,10-K,,2024-12-31,0000070858-26-000157,https://www.sec.gov/Archives/edgar/data/70858/000007085826000157/0000070858-26-000157-index.html,,calculated,available,,(net_charge_offs[t] - net_charge_offs[t-1]) / net_charge_offs[t-1],"[""net_charge_offs:2024"", ""net_charge_offs:2023""]",net_charge_offs_yoy:2024,False
net_income,2024,26973000000.0,USD,us-gaap:NetIncomeLoss,2026-02-25,2025.0,10-K,2024-01-01,2024-12-31,0000070858-26-000157,https://www.sec.gov/Archives/edgar/data/70858/000007085826000157/0000070858-26-000157-index.html,https://data.sec.gov/api/xbrl/companyfacts/CIK0000070858.json,reported,available,,,,net_income:2024,False
net_income_yoy,2024,0.025394411708800607,pure,us-gaap:NetIncomeLoss,2026-02-25,,10-K,,2024-12-31,0000070858-26-000157,https://www.sec.gov/Archives/edgar/data/70858/000007085826000157/0000070858-26-000157-index.html,,calculated,available,,(net_income[t] - net_income[t-1]) / net_income[t-1],"[""net_income:2024"", ""net_income:2023""]",net_income_yoy:2024,False
net_interest_income,2024,56060000000.0,USD,us-gaap:InterestIncomeExpenseNet,2026-02-25,2025.0,10-K,2024-01-01,2024-12-31,0000070858-26-000157,https://www.sec.gov/Archives/edgar/data/70858/000007085826000157/0000070858-26-000157-index.html,https://data.sec.gov/api/xbrl/companyfacts/CIK0000070858.json,reported,available,,,,net_interest_income:2024,False
net_interest_income_yoy,2024,-0.015299221865064728,pure,us-gaap:InterestIncomeExpenseNet,2026-02-25,,10-K,,2024-12-31,0000070858-26-000157,https://www.sec.gov/Archives/edgar/data/70858/000007085826000157/0000070858-26-000157-index.html,,calculated,available,,(net_interest_income[t] - net_interest_income[t-1]) / net_interest_income[t-1],"[""net_interest_income:2024"", ""net_interest_income:2023""]",net_interest_income_yoy:2024,False
net_interest_margin_reported,2024,,pure,,,,,,2024-12-31,,,https://data.sec.gov/api/xbrl/companyfacts/CIK0000070858.json,reported,missing,Manual annual-report extraction required: Average Balances and Interest Rates table: net interest yield/margin; document FTE basis.,,,net_interest_margin_reported:2024,False
noninterest_expense,2024,66812000000.0,USD,us-gaap:NoninterestExpense,2026-02-25,2025.0,10-K,2024-01-01,2024-12-31,0000070858-26-000157,https://www.sec.gov/Archives/edgar/data/70858/000007085826000157/0000070858-26-000157-index.html,https://data.sec.gov/api/xbrl/companyfacts/CIK0000070858.json,reported,available,,,,noninterest_expense:2024,False
preferred_equity,2024,23159000000.0,USD,us-gaap:PreferredStockIncludingAdditionalPaidInCapital,2025-02-25,2024.0,10-K,,2024-12-31,0000070858-25-000139,https://www.sec.gov/Archives/edgar/data/70858/000007085825000139/0000070858-25-000139-index.html,https://data.sec.gov/api/xbrl/companyfacts/CIK0000070858.json,reported,available,,,,preferred_equity:2024,False
provision_for_credit_losses,2024,5821000000.0,USD,us-gaap:FinancingReceivableExcludingAccruedInterestCreditLossExpenseReversal|us-gaap:OffBalanceSheetCreditLossLiabilityCreditLossExpenseReversal,2026-02-25,,10-K,,2024-12-31,0000070858-26-000157,https://www.sec.gov/Archives/edgar/data/70858/000007085826000157/0000070858-26-000157-index.html,,calculated,available,,loan_credit_loss_provision + unfunded_credit_loss_provision,"[""loan_credit_loss_provision:2024"", ""unfunded_credit_loss_provision:2024""]",provision_for_credit_losses:2024,False
provision_for_credit_losses_yoy,2024,0.3247610377787893,pure,us-gaap:FinancingReceivableExcludingAccruedInterestCreditLossExpenseReversal|us-gaap:OffBalanceSheetCreditLossLiabilityCreditLossExpenseReversal,2026-02-25,,10-K,,2024-12-31,0000070858-26-000157,https://www.sec.gov/Archives/edgar/data/70858/000007085826000157/0000070858-26-000157-index.html,,calculated,available,,(provision_for_credit_losses[t] - provision_for_credit_losses[t-1]) / provision_for_credit_losses[t-1],"[""provision_for_credit_losses:2024"", ""provision_for_credit_losses:2023""]",provision_for_credit_losses_yoy:2024,False
risk_weighted_assets,2024,,USD,,,,,,2024-12-31,,,https://data.sec.gov/api/xbrl/companyfacts/CIK0000070858.json,reported,missing,"Manual annual-report extraction required: Capital Management / regulatory capital table: consolidated corporation, standardized approach, year-end. Do not substitute bank subsidiary or advanced approach.",,,risk_weighted_assets:2024,False
roa_calculated,2024,0.008374822439047108,pure,us-gaap:Assets|us-gaap:NetIncomeLoss,2025-02-25|2026-02-25,,10-K,,2024-12-31,0000070858-25-000139|0000070858-26-000157,https://www.sec.gov/Archives/edgar/data/70858/000007085825000139/0000070858-25-000139-index.html|https://www.sec.gov/Archives/edgar/data/70858/000007085826000157/0000070858-26-000157-index.html,,calculated,available,,"net_income / mean(total_assets[t-1], total_assets[t])","[""net_income:2024"", ""total_assets:2024"", ""total_assets:2023""]",roa_calculated:2024,False
roa_reported,2024,,pure,,,,,,2024-12-31,,,https://data.sec.gov/api/xbrl/companyfacts/CIK0000070858.json,reported,missing,"Manual annual-report extraction required: Financial Highlights: return on average assets, actual reported average denominator.",,,roa_reported:2024,False
roe_calculated,2024,0.09234608985024959,pure,us-gaap:NetIncomeLoss|us-gaap:StockholdersEquity,2026-02-25,,10-K,,2024-12-31,0000070858-26-000157,https://www.sec.gov/Archives/edgar/data/70858/000007085826000157/0000070858-26-000157-index.html,,calculated,available,,"net_income / mean(total_equity[t-1], total_equity[t])","[""net_income:2024"", ""total_equity:2024"", ""total_equity:2023""]",roe_calculated:2024,False
roe_reported,2024,,pure,,,,,,2024-12-31,,,https://data.sec.gov/api/xbrl/companyfacts/CIK0000070858.json,reported,missing,Manual annual-report extraction required: Financial Highlights: return on average common equity; keep separate from calculated total-equity ROE.,,,roe_reported:2024,False
tier1_capital_ratio,2024,,pure,,,,,,2024-12-31,,,https://data.sec.gov/api/xbrl/companyfacts/CIK0000070858.json,reported,missing,"Manual annual-report extraction required: Regulatory capital table: consolidated corporation Tier 1 ratio, standardized approach.",,,tier1_capital_ratio:2024,False
tier1_leverage_ratio,2024,,pure,,,,,,2024-12-31,,,https://data.sec.gov/api/xbrl/companyfacts/CIK0000070858.json,reported,missing,Manual annual-report extraction required: Regulatory capital table: Tier 1 leverage ratio; not supplementary leverage ratio.,,,tier1_leverage_ratio:2024,False
total_assets,2024,3261299000000.0,USD,us-gaap:Assets,2026-02-25,2025.0,10-K,,2024-12-31,0000070858-26-000157,https://www.sec.gov/Archives/edgar/data/70858/000007085826000157/0000070858-26-000157-index.html,https://data.sec.gov/api/xbrl/companyfacts/CIK0000070858.json,reported,available,,,,total_assets:2024,False
total_assets_yoy,2024,0.02551702733612335,pure,us-gaap:Assets,2025-02-25|2026-02-25,,10-K,,2024-12-31,0000070858-25-000139|0000070858-26-000157,https://www.sec.gov/Archives/edgar/data/70858/000007085825000139/0000070858-25-000139-index.html|https://www.sec.gov/Archives/edgar/data/70858/000007085826000157/0000070858-26-000157-index.html,,calculated,available,,(total_assets[t] - total_assets[t-1]) / total_assets[t-1],"[""total_assets:2024"", ""total_assets:2023""]",total_assets_yoy:2024,False
total_capital_ratio,2024,,pure,,,,,,2024-12-31,,,https://data.sec.gov/api/xbrl/companyfacts/CIK0000070858.json,reported,missing,"Manual annual-report extraction required: Regulatory capital table: consolidated corporation total capital ratio, standardized approach.",,,total_capital_ratio:2024,False
total_deposits,2024,1965467000000.0,USD,us-gaap:Deposits,2026-02-25,2025.0,10-K,,2024-12-31,0000070858-26-000157,https://www.sec.gov/Archives/edgar/data/70858/000007085826000157/0000070858-26-000157-index.html,https://data.sec.gov/api/xbrl/companyfacts/CIK0000070858.json,reported,available,,,,total_deposits:2024,False
total_deposits_yoy,2024,0.021644357834670166,pure,us-gaap:Deposits,2025-02-25|2026-02-25,,10-K,,2024-12-31,0000070858-25-000139|0000070858-26-000157,https://www.sec.gov/Archives/edgar/data/70858/000007085825000139/0000070858-25-000139-index.html|https://www.sec.gov/Archives/edgar/data/70858/000007085826000157/0000070858-26-000157-index.html,,calculated,available,,(total_deposits[t] - total_deposits[t-1]) / total_deposits[t-1],"[""total_deposits:2024"", ""total_deposits:2023""]",total_deposits_yoy:2024,False
total_equity,2024,293963000000.0,USD,us-gaap:StockholdersEquity,2026-02-25,2025.0,10-K,,2024-12-31,0000070858-26-000157,https://www.sec.gov/Archives/edgar/data/70858/000007085826000157/0000070858-26-000157-index.html,https://data.sec.gov/api/xbrl/companyfacts/CIK0000070858.json,reported,available,,,,total_equity:2024,False
total_loans,2024,1095835000000.0,USD,us-gaap:FinancingReceivableExcludingAccruedInterestBeforeAllowanceForCreditLoss,2026-02-25,2025.0,10-K,,2024-12-31,0000070858-26-000157,https://www.sec.gov/Archives/edgar/data/70858/000007085826000157/0000070858-26-000157-index.html,https://data.sec.gov/api/xbrl/companyfacts/CIK0000070858.json,reported,available,,,,total_loans:2024,False
total_loans_yoy,2024,0.03995607991405784,pure,us-gaap:FinancingReceivableExcludingAccruedInterestBeforeAllowanceForCreditLoss,2025-02-25|2026-02-25,,10-K,,2024-12-31,0000070858-25-000139|0000070858-26-000157,https://www.sec.gov/Archives/edgar/data/70858/000007085825000139/0000070858-25-000139-index.html|https://www.sec.gov/Archives/edgar/data/70858/000007085826000157/0000070858-26-000157-index.html,,calculated,available,,(total_loans[t] - total_loans[t-1]) / total_loans[t-1],"[""total_loans:2024"", ""total_loans:2023""]",total_loans_yoy:2024,False
total_revenue,2024,105856000000.0,USD,us-gaap:Revenues,2026-02-25,2025.0,10-K,2024-01-01,2024-12-31,0000070858-26-000157,https://www.sec.gov/Archives/edgar/data/70858/000007085826000157/0000070858-26-000157-index.html,https://data.sec.gov/api/xbrl/companyfacts/CIK0000070858.json,reported,available,,,,total_revenue:2024,False
total_revenue_yoy,2024,0.030038241103834813,pure,us-gaap:Revenues,2026-02-25,,10-K,,2024-12-31,0000070858-26-000157,https://www.sec.gov/Archives/edgar/data/70858/000007085826000157/0000070858-26-000157-index.html,,calculated,available,,(total_revenue[t] - total_revenue[t-1]) / total_revenue[t-1],"[""total_revenue:2024"", ""total_revenue:2023""]",total_revenue_yoy:2024,False
trading_asset_exposure,2024,0.0964217019046705,pure,us-gaap:Assets|us-gaap:TradingSecurities,2026-02-25,,10-K,,2024-12-31,0000070858-26-000157,https://www.sec.gov/Archives/edgar/data/70858/000007085826000157/0000070858-26-000157-index.html,,calculated,available,,trading_assets / total_assets,"[""trading_assets:2024"", ""total_assets:2024""]",trading_asset_exposure:2024,False
trading_assets,2024,314460000000.0,USD,us-gaap:TradingSecurities,2026-02-25,2025.0,10-K,,2024-12-31,0000070858-26-000157,https://www.sec.gov/Archives/edgar/data/70858/000007085826000157/0000070858-26-000157-index.html,https://data.sec.gov/api/xbrl/companyfacts/CIK0000070858.json,reported,available,,,,trading_assets:2024,False
trading_assets_yoy,2024,0.13378570346921262,pure,us-gaap:TradingSecurities,2025-02-25|2026-02-25,,10-K,,2024-12-31,0000070858-25-000139|0000070858-26-000157,https://www.sec.gov/Archives/edgar/data/70858/000007085825000139/0000070858-25-000139-index.html|https://www.sec.gov/Archives/edgar/data/70858/000007085826000157/0000070858-26-000157-index.html,,calculated,available,,(trading_assets[t] - trading_assets[t-1]) / trading_assets[t-1],"[""trading_assets:2024"", ""trading_assets:2023""]",trading_assets_yoy:2024,False
trading_liabilities,2024,92543000000.0,USD,us-gaap:TradingLiabilities,2026-02-25,2025.0,10-K,,2024-12-31,0000070858-26-000157,https://www.sec.gov/Archives/edgar/data/70858/000007085826000157/0000070858-26-000157-index.html,https://data.sec.gov/api/xbrl/companyfacts/CIK0000070858.json,reported,available,,,,trading_liabilities:2024,False
trading_liabilities_yoy,2024,-0.03126766460797655,pure,us-gaap:TradingLiabilities,2025-02-25|2026-02-25,,10-K,,2024-12-31,0000070858-25-000139|0000070858-26-000157,https://www.sec.gov/Archives/edgar/data/70858/000007085825000139/0000070858-25-000139-index.html|https://www.sec.gov/Archives/edgar/data/70858/000007085826000157/0000070858-26-000157-index.html,,calculated,available,,(trading_liabilities[t] - trading_liabilities[t-1]) / trading_liabilities[t-1],"[""trading_liabilities:2024"", ""trading_liabilities:2023""]",trading_liabilities_yoy:2024,False
unfunded_credit_loss_allowance,2024,1096000000.0,USD,us-gaap:OffBalanceSheetCreditLossLiability,2026-02-25,2025.0,10-K,,2024-12-31,0000070858-26-000157,https://www.sec.gov/Archives/edgar/data/70858/000007085826000157/0000070858-26-000157-index.html,https://data.sec.gov/api/xbrl/companyfacts/CIK0000070858.json,reported,available,,,,unfunded_credit_loss_allowance:2024,False
unfunded_credit_loss_provision,2024,-114000000.0,USD,us-gaap:OffBalanceSheetCreditLossLiabilityCreditLossExpenseReversal,2026-02-25,2025.0,10-K,2024-01-01,2024-12-31,0000070858-26-000157,https://www.sec.gov/Archives/edgar/data/70858/000007085826000157/0000070858-26-000157-index.html,https://data.sec.gov/api/xbrl/companyfacts/CIK0000070858.json,reported,available,,,,unfunded_credit_loss_provision:2024,False
allowance_for_credit_losses,2025,14380000000.0,USD,us-gaap:FinancingReceivableAllowanceForCreditLossExcludingAccruedInterest|us-gaap:OffBalanceSheetCreditLossLiability,2026-02-25,,10-K,,2025-12-31,0000070858-26-000157,https://www.sec.gov/Archives/edgar/data/70858/000007085826000157/0000070858-26-000157-index.html,,calculated,available,,loan_loss_allowance + unfunded_credit_loss_allowance,"[""loan_loss_allowance:2025"", ""unfunded_credit_loss_allowance:2025""]",allowance_for_credit_losses:2025,False
allowance_for_credit_losses_yoy,2025,0.0030691964285714285,pure,us-gaap:FinancingReceivableAllowanceForCreditLossExcludingAccruedInterest|us-gaap:OffBalanceSheetCreditLossLiability,2026-02-25,,10-K,,2025-12-31,0000070858-26-000157,https://www.sec.gov/Archives/edgar/data/70858/000007085826000157/0000070858-26-000157-index.html,,calculated,available,,(allowance_for_credit_losses[t] - allowance_for_credit_losses[t-1]) / allowance_for_credit_losses[t-1],"[""allowance_for_credit_losses:2025"", ""allowance_for_credit_losses:2024""]",allowance_for_credit_losses_yoy:2025,False
allowance_to_loans_ratio,2025,0.011135194399932529,pure,us-gaap:FinancingReceivableAllowanceForCreditLossExcludingAccruedInterest|us-gaap:FinancingReceivableExcludingAccruedInterestBeforeAllowanceForCreditLoss,2026-02-25,,10-K,,2025-12-31,0000070858-26-000157,https://www.sec.gov/Archives/edgar/data/70858/000007085826000157/0000070858-26-000157-index.html,,calculated,available,,loan_loss_allowance / total_loans,"[""loan_loss_allowance:2025"", ""total_loans:2025""]",allowance_to_loans_ratio:2025,False
cash_and_cash_equivalents,2025,231845000000.0,USD,us-gaap:CashCashEquivalentsRestrictedCashAndRestrictedCashEquivalents,2026-02-25,2025.0,10-K,,2025-12-31,0000070858-26-000157,https://www.sec.gov/Archives/edgar/data/70858/000007085826000157/0000070858-26-000157-index.html,https://data.sec.gov/api/xbrl/companyfacts/CIK0000070858.json,reported,available,,,,cash_and_cash_equivalents:2025,False
cash_to_assets_ratio,2025,0.06795510088992765,pure,us-gaap:Assets|us-gaap:CashCashEquivalentsRestrictedCashAndRestrictedCashEquivalents,2026-02-25,,10-K,,2025-12-31,0000070858-26-000157,https://www.sec.gov/Archives/edgar/data/70858/000007085826000157/0000070858-26-000157-index.html,,calculated,available,,cash_and_cash_equivalents / total_assets,"[""cash_and_cash_equivalents:2025"", ""total_assets:2025""]",cash_to_assets_ratio:2025,False
cet1_ratio,2025,,pure,,,,,,2025-12-31,,,https://data.sec.gov/api/xbrl/companyfacts/CIK0000070858.json,reported,missing,"Manual annual-report extraction required: Capital Management: consolidated corporation CET1 ratio, standardized approach; capture actual ratio, not minimum requirement.",,,cet1_ratio:2025,False
common_equity,2025,277251000000.0,USD,us-gaap:PreferredStockIncludingAdditionalPaidInCapital|us-gaap:StockholdersEquity,2026-02-25,,10-K,,2025-12-31,0000070858-26-000157,https://www.sec.gov/Archives/edgar/data/70858/000007085826000157/0000070858-26-000157-index.html,,calculated,available,,total_equity - preferred_equity,"[""total_equity:2025"", ""preferred_equity:2025""]",common_equity:2025,False
common_equity_yoy,2025,0.023806886161208844,pure,us-gaap:PreferredStockIncludingAdditionalPaidInCapital|us-gaap:StockholdersEquity,2025-02-25|2026-02-25|2026-02-25,,10-K,,2025-12-31,0000070858-25-000139|0000070858-26-000157|0000070858-26-000157,https://www.sec.gov/Archives/edgar/data/70858/000007085825000139/0000070858-25-000139-index.html|https://www.sec.gov/Archives/edgar/data/70858/000007085826000157/0000070858-26-000157-index.html|https://www.sec.gov/Archives/edgar/data/70858/000007085826000157/0000070858-26-000157-index.html,,calculated,available,,(common_equity[t] - common_equity[t-1]) / common_equity[t-1],"[""common_equity:2025"", ""common_equity:2024""]",common_equity_yoy:2025,False
efficiency_ratio_calculated,2025,0.6165238688913057,pure,us-gaap:NoninterestExpense|us-gaap:Revenues,2026-02-25,,10-K,,2025-12-31,0000070858-26-000157,https://www.sec.gov/Archives/edgar/data/70858/000007085826000157/0000070858-26-000157-index.html,,calculated,available,,noninterest_expense / total_revenue,"[""noninterest_expense:2025"", ""total_revenue:2025""]",efficiency_ratio_calculated:2025,False
efficiency_ratio_reported,2025,,pure,,,,,,2025-12-31,,,https://data.sec.gov/api/xbrl/companyfacts/CIK0000070858.json,reported,missing,Manual annual-report extraction required: Financial Highlights: reported efficiency ratio; record GAAP/FTE basis and adjustments.,,,efficiency_ratio_reported:2025,False
equity_to_assets_ratio,2025,0.08888226469910644,pure,us-gaap:Assets|us-gaap:StockholdersEquity,2026-02-25,,10-K,,2025-12-31,0000070858-26-000157,https://www.sec.gov/Archives/edgar/data/70858/000007085826000157/0000070858-26-000157-index.html,,calculated,available,,total_equity / total_assets,"[""total_equity:2025"", ""total_assets:2025""]",equity_to_assets_ratio:2025,False
loan_credit_loss_provision,2025,5595000000.0,USD,us-gaap:FinancingReceivableExcludingAccruedInterestCreditLossExpenseReversal,2026-02-25,2025.0,10-K,2025-01-01,2025-12-31,0000070858-26-000157,https://www.sec.gov/Archives/edgar/data/70858/000007085826000157/0000070858-26-000157-index.html,https://data.sec.gov/api/xbrl/companyfacts/CIK0000070858.json,reported,available,,,,loan_credit_loss_provision:2025,False
loan_loss_allowance,2025,13203000000.0,USD,us-gaap:FinancingReceivableAllowanceForCreditLossExcludingAccruedInterest,2026-02-25,2025.0,10-K,,2025-12-31,0000070858-26-000157,https://www.sec.gov/Archives/edgar/data/70858/000007085826000157/0000070858-26-000157-index.html,https://data.sec.gov/api/xbrl/companyfacts/CIK0000070858.json,reported,available,,,,loan_loss_allowance:2025,False
loan_to_deposit_ratio,2025,0.587349763143047,pure,us-gaap:Deposits|us-gaap:FinancingReceivableExcludingAccruedInterestBeforeAllowanceForCreditLoss,2026-02-25,,10-K,,2025-12-31,0000070858-26-000157,https://www.sec.gov/Archives/edgar/data/70858/000007085826000157/0000070858-26-000157-index.html,,calculated,available,,total_loans / total_deposits,"[""total_loans:2025"", ""total_deposits:2025""]",loan_to_deposit_ratio:2025,False
net_charge_off_ratio,2025,0.004936150442574845,pure,us-gaap:FinancingReceivableExcludingAccruedInterestAllowanceForCreditLossWriteoffAfterRecovery|us-gaap:FinancingReceivableExcludingAccruedInterestBeforeAllowanceForCreditLoss,2026-02-25,,10-K,,2025-12-31,0000070858-26-000157,https://www.sec.gov/Archives/edgar/data/70858/000007085826000157/0000070858-26-000157-index.html,,calculated,available,,"net_charge_offs / mean(total_loans[t-1], total_loans[t])","[""net_charge_offs:2025"", ""total_loans:2025"", ""total_loans:2024""]",net_charge_off_ratio:2025,False
net_charge_offs,2025,5631000000.0,USD,us-gaap:FinancingReceivableExcludingAccruedInterestAllowanceForCreditLossWriteoffAfterRecovery,2026-02-25,2025.0,10-K,2025-01-01,2025-12-31,0000070858-26-000157,https://www.sec.gov/Archives/edgar/data/70858/000007085826000157/0000070858-26-000157-index.html,https://data.sec.gov/api/xbrl/companyfacts/CIK0000070858.json,reported,available,,,,net_charge_offs:2025,False
net_charge_offs_yoy,2025,-0.0663239927043608,pure,us-gaap:FinancingReceivableExcludingAccruedInterestAllowanceForCreditLossWriteoffAfterRecovery,2026-02-25,,10-K,,2025-12-31,0000070858-26-000157,https://www.sec.gov/Archives/edgar/data/70858/000007085826000157/0000070858-26-000157-index.html,,calculated,available,,(net_charge_offs[t] - net_charge_offs[t-1]) / net_charge_offs[t-1],"[""net_charge_offs:2025"", ""net_charge_offs:2024""]",net_charge_offs_yoy:2025,False
net_income,2025,30509000000.0,USD,us-gaap:NetIncomeLoss,2026-02-25,2025.0,10-K,2025-01-01,2025-12-31,0000070858-26-000157,https://www.sec.gov/Archives/edgar/data/70858/000007085826000157/0000070858-26-000157-index.html,https://data.sec.gov/api/xbrl/companyfacts/CIK0000070858.json,reported,available,,,,net_income:2025,False
net_income_yoy,2025,0.13109405701998295,pure,us-gaap:NetIncomeLoss,2026-02-25,,10-K,,2025-12-31,0000070858-26-000157,https://www.sec.gov/Archives/edgar/data/70858/000007085826000157/0000070858-26-000157-index.html,,calculated,available,,(net_income[t] - net_income[t-1]) / net_income[t-1],"[""net_income:2025"", ""net_income:2024""]",net_income_yoy:2025,False
net_interest_income,2025,60096000000.0,USD,us-gaap:InterestIncomeExpenseNet,2026-02-25,2025.0,10-K,2025-01-01,2025-12-31,0000070858-26-000157,https://www.sec.gov/Archives/edgar/data/70858/000007085826000157/0000070858-26-000157-index.html,https://data.sec.gov/api/xbrl/companyfacts/CIK0000070858.json,reported,available,,,,net_interest_income:2025,False
net_interest_income_yoy,2025,0.07199429183018195,pure,us-gaap:InterestIncomeExpenseNet,2026-02-25,,10-K,,2025-12-31,0000070858-26-000157,https://www.sec.gov/Archives/edgar/data/70858/000007085826000157/0000070858-26-000157-index.html,,calculated,available,,(net_interest_income[t] - net_interest_income[t-1]) / net_interest_income[t-1],"[""net_interest_income:2025"", ""net_interest_income:2024""]",net_interest_income_yoy:2025,False
net_interest_margin_reported,2025,,pure,,,,,,2025-12-31,,,https://data.sec.gov/api/xbrl/companyfacts/CIK0000070858.json,reported,missing,Manual annual-report extraction required: Average Balances and Interest Rates table: net interest yield/margin; document FTE basis.,,,net_interest_margin_reported:2025,False
noninterest_expense,2025,69727000000.0,USD,us-gaap:NoninterestExpense,2026-02-25,2025.0,10-K,2025-01-01,2025-12-31,0000070858-26-000157,https://www.sec.gov/Archives/edgar/data/70858/000007085826000157/0000070858-26-000157-index.html,https://data.sec.gov/api/xbrl/companyfacts/CIK0000070858.json,reported,available,,,,noninterest_expense:2025,False
preferred_equity,2025,25992000000.0,USD,us-gaap:PreferredStockIncludingAdditionalPaidInCapital,2026-02-25,2025.0,10-K,,2025-12-31,0000070858-26-000157,https://www.sec.gov/Archives/edgar/data/70858/000007085826000157/0000070858-26-000157-index.html,https://data.sec.gov/api/xbrl/companyfacts/CIK0000070858.json,reported,available,,,,preferred_equity:2025,False
provision_for_credit_losses,2025,5675000000.0,USD,us-gaap:FinancingReceivableExcludingAccruedInterestCreditLossExpenseReversal|us-gaap:OffBalanceSheetCreditLossLiabilityCreditLossExpenseReversal,2026-02-25,,10-K,,2025-12-31,0000070858-26-000157,https://www.sec.gov/Archives/edgar/data/70858/000007085826000157/0000070858-26-000157-index.html,,calculated,available,,loan_credit_loss_provision + unfunded_credit_loss_provision,"[""loan_credit_loss_provision:2025"", ""unfunded_credit_loss_provision:2025""]",provision_for_credit_losses:2025,False
provision_for_credit_losses_yoy,2025,-0.025081601099467447,pure,us-gaap:FinancingReceivableExcludingAccruedInterestCreditLossExpenseReversal|us-gaap:OffBalanceSheetCreditLossLiabilityCreditLossExpenseReversal,2026-02-25,,10-K,,2025-12-31,0000070858-26-000157,https://www.sec.gov/Archives/edgar/data/70858/000007085826000157/0000070858-26-000157-index.html,,calculated,available,,(provision_for_credit_losses[t] - provision_for_credit_losses[t-1]) / provision_for_credit_losses[t-1],"[""provision_for_credit_losses:2025"", ""provision_for_credit_losses:2024""]",provision_for_credit_losses_yoy:2025,False
risk_weighted_assets,2025,,USD,,,,,,2025-12-31,,,https://data.sec.gov/api/xbrl/companyfacts/CIK0000070858.json,reported,missing,"Manual annual-report extraction required: Capital Management / regulatory capital table: consolidated corporation, standardized approach, year-end. Do not substitute bank subsidiary or advanced approach.",,,risk_weighted_assets:2025,False
roa_calculated,2025,0.009143962486645885,pure,us-gaap:Assets|us-gaap:NetIncomeLoss,2026-02-25,,10-K,,2025-12-31,0000070858-26-000157,https://www.sec.gov/Archives/edgar/data/70858/000007085826000157/0000070858-26-000157-index.html,,calculated,available,,"net_income / mean(total_assets[t-1], total_assets[t])","[""net_income:2025"", ""total_assets:2025"", ""total_assets:2024""]",roa_calculated:2025,False
roa_reported,2025,,pure,,,,,,2025-12-31,,,https://data.sec.gov/api/xbrl/companyfacts/CIK0000070858.json,reported,missing,"Manual annual-report extraction required: Financial Highlights: return on average assets, actual reported average denominator.",,,roa_reported:2025,False
roe_calculated,2025,0.10217244970747112,pure,us-gaap:NetIncomeLoss|us-gaap:StockholdersEquity,2026-02-25,,10-K,,2025-12-31,0000070858-26-000157,https://www.sec.gov/Archives/edgar/data/70858/000007085826000157/0000070858-26-000157-index.html,,calculated,available,,"net_income / mean(total_equity[t-1], total_equity[t])","[""net_income:2025"", ""total_equity:2025"", ""total_equity:2024""]",roe_calculated:2025,False
roe_reported,2025,,pure,,,,,,2025-12-31,,,https://data.sec.gov/api/xbrl/companyfacts/CIK0000070858.json,reported,missing,Manual annual-report extraction required: Financial Highlights: return on average common equity; keep separate from calculated total-equity ROE.,,,roe_reported:2025,False
tier1_capital_ratio,2025,,pure,,,,,,2025-12-31,,,https://data.sec.gov/api/xbrl/companyfacts/CIK0000070858.json,reported,missing,"Manual annual-report extraction required: Regulatory capital table: consolidated corporation Tier 1 ratio, standardized approach.",,,tier1_capital_ratio:2025,False
tier1_leverage_ratio,2025,,pure,,,,,,2025-12-31,,,https://data.sec.gov/api/xbrl/companyfacts/CIK0000070858.json,reported,missing,Manual annual-report extraction required: Regulatory capital table: Tier 1 leverage ratio; not supplementary leverage ratio.,,,tier1_leverage_ratio:2025,False
total_assets,2025,3411738000000.0,USD,us-gaap:Assets,2026-02-25,2025.0,10-K,,2025-12-31,0000070858-26-000157,https://www.sec.gov/Archives/edgar/data/70858/000007085826000157/0000070858-26-000157-index.html,https://data.sec.gov/api/xbrl/companyfacts/CIK0000070858.json,reported,available,,,,total_assets:2025,False
total_assets_yoy,2025,0.0461285518439125,pure,us-gaap:Assets,2026-02-25,,10-K,,2025-12-31,0000070858-26-000157,https://www.sec.gov/Archives/edgar/data/70858/000007085826000157/0000070858-26-000157-index.html,,calculated,available,,(total_assets[t] - total_assets[t-1]) / total_assets[t-1],"[""total_assets:2025"", ""total_assets:2024""]",total_assets_yoy:2025,False
total_capital_ratio,2025,,pure,,,,,,2025-12-31,,,https://data.sec.gov/api/xbrl/companyfacts/CIK0000070858.json,reported,missing,"Manual annual-report extraction required: Regulatory capital table: consolidated corporation total capital ratio, standardized approach.",,,total_capital_ratio:2025,False
total_deposits,2025,2018729000000.0,USD,us-gaap:Deposits,2026-02-25,2025.0,10-K,,2025-12-31,0000070858-26-000157,https://www.sec.gov/Archives/edgar/data/70858/000007085826000157/0000070858-26-000157-index.html,https://data.sec.gov/api/xbrl/companyfacts/CIK0000070858.json,reported,available,,,,total_deposits:2025,False
total_deposits_yoy,2025,0.027098903212315444,pure,us-gaap:Deposits,2026-02-25,,10-K,,2025-12-31,0000070858-26-000157,https://www.sec.gov/Archives/edgar/data/70858/000007085826000157/0000070858-26-000157-index.html,,calculated,available,,(total_deposits[t] - total_deposits[t-1]) / total_deposits[t-1],"[""total_deposits:2025"", ""total_deposits:2024""]",total_deposits_yoy:2025,False
total_equity,2025,303243000000.0,USD,us-gaap:StockholdersEquity,2026-02-25,2025.0,10-K,,2025-12-31,0000070858-26-000157,https://www.sec.gov/Archives/edgar/data/70858/000007085826000157/0000070858-26-000157-index.html,https://data.sec.gov/api/xbrl/companyfacts/CIK0000070858.json,reported,available,,,,total_equity:2025,False
total_loans,2025,1185700000000.0,USD,us-gaap:FinancingReceivableExcludingAccruedInterestBeforeAllowanceForCreditLoss,2026-02-25,2025.0,10-K,,2025-12-31,0000070858-26-000157,https://www.sec.gov/Archives/edgar/data/70858/000007085826000157/0000070858-26-000157-index.html,https://data.sec.gov/api/xbrl/companyfacts/CIK0000070858.json,reported,available,,,,total_loans:2025,False
total_loans_yoy,2025,0.08200595892629821,pure,us-gaap:FinancingReceivableExcludingAccruedInterestBeforeAllowanceForCreditLoss,2026-02-25,,10-K,,2025-12-31,0000070858-26-000157,https://www.sec.gov/Archives/edgar/data/70858/000007085826000157/0000070858-26-000157-index.html,,calculated,available,,(total_loans[t] - total_loans[t-1]) / total_loans[t-1],"[""total_loans:2025"", ""total_loans:2024""]",total_loans_yoy:2025,False
total_revenue,2025,113097000000.0,USD,us-gaap:Revenues,2026-02-25,2025.0,10-K,2025-01-01,2025-12-31,0000070858-26-000157,https://www.sec.gov/Archives/edgar/data/70858/000007085826000157/0000070858-26-000157-index.html,https://data.sec.gov/api/xbrl/companyfacts/CIK0000070858.json,reported,available,,,,total_revenue:2025,False
total_revenue_yoy,2025,0.06840424727932286,pure,us-gaap:Revenues,2026-02-25,,10-K,,2025-12-31,0000070858-26-000157,https://www.sec.gov/Archives/edgar/data/70858/000007085826000157/0000070858-26-000157-index.html,,calculated,available,,(total_revenue[t] - total_revenue[t-1]) / total_revenue[t-1],"[""total_revenue:2025"", ""total_revenue:2024""]",total_revenue_yoy:2025,False
trading_asset_exposure,2025,0.1075563246650241,pure,us-gaap:Assets|us-gaap:TradingSecurities,2026-02-25,,10-K,,2025-12-31,0000070858-26-000157,https://www.sec.gov/Archives/edgar/data/70858/000007085826000157/0000070858-26-000157-index.html,,calculated,available,,trading_assets / total_assets,"[""trading_assets:2025"", ""total_assets:2025""]",trading_asset_exposure:2025,False
trading_assets,2025,366954000000.0,USD,us-gaap:TradingSecurities,2026-02-25,2025.0,10-K,,2025-12-31,0000070858-26-000157,https://www.sec.gov/Archives/edgar/data/70858/000007085826000157/0000070858-26-000157-index.html,https://data.sec.gov/api/xbrl/companyfacts/CIK0000070858.json,reported,available,,,,trading_assets:2025,False
trading_assets_yoy,2025,0.1669337912612097,pure,us-gaap:TradingSecurities,2026-02-25,,10-K,,2025-12-31,0000070858-26-000157,https://www.sec.gov/Archives/edgar/data/70858/000007085826000157/0000070858-26-000157-index.html,,calculated,available,,(trading_assets[t] - trading_assets[t-1]) / trading_assets[t-1],"[""trading_assets:2025"", ""trading_assets:2024""]",trading_assets_yoy:2025,False
trading_liabilities,2025,105996000000.0,USD,us-gaap:TradingLiabilities,2026-02-25,2025.0,10-K,,2025-12-31,0000070858-26-000157,https://www.sec.gov/Archives/edgar/data/70858/000007085826000157/0000070858-26-000157-index.html,https://data.sec.gov/api/xbrl/companyfacts/CIK0000070858.json,reported,available,,,,trading_liabilities:2025,False
trading_liabilities_yoy,2025,0.1453702603114228,pure,us-gaap:TradingLiabilities,2026-02-25,,10-K,,2025-12-31,0000070858-26-000157,https://www.sec.gov/Archives/edgar/data/70858/000007085826000157/0000070858-26-000157-index.html,,calculated,available,,(trading_liabilities[t] - trading_liabilities[t-1]) / trading_liabilities[t-1],"[""trading_liabilities:2025"", ""trading_liabilities:2024""]",trading_liabilities_yoy:2025,False
unfunded_credit_loss_allowance,2025,1177000000.0,USD,us-gaap:OffBalanceSheetCreditLossLiability,2026-02-25,2025.0,10-K,,2025-12-31,0000070858-26-000157,https://www.sec.gov/Archives/edgar/data/70858/000007085826000157/0000070858-26-000157-index.html,https://data.sec.gov/api/xbrl/companyfacts/CIK0000070858.json,reported,available,,,,unfunded_credit_loss_allowance:2025,False
unfunded_credit_loss_provision,2025,80000000.0,USD,us-gaap:OffBalanceSheetCreditLossLiabilityCreditLossExpenseReversal,2026-02-25,2025.0,10-K,2025-01-01,2025-12-31,0000070858-26-000157,https://www.sec.gov/Archives/edgar/data/70858/000007085826000157/0000070858-26-000157-index.html,https://data.sec.gov/api/xbrl/companyfacts/CIK0000070858.json,reported,available,,,,unfunded_credit_loss_provision:2025,False
